symbol,archetype,balance_sheet_first_fy,balance_sheet_last_fy,balance_sheet_years,income_statement_first_fy,income_statement_last_fy,income_statement_years,cash_flow_first_fy,cash_flow_last_fy,cash_flow_years,canonical_fact_count,raw_fact_count,mapping_coverage_pct,unmapped_count,conflicted_count,valuation_core_ready,business_review_core_ready,value_trap_core_ready,history_band,notes
AAA,NORMAL_ENTERPRISE,,,0,,,0,,,0,0,0,0.0,0,0,BLOCKED,BLOCKED,INSUFFICIENT,INSUFFICIENT,SSI Primary Source
AAH,NORMAL_ENTERPRISE,,,0,,,0,,,0,0,0,0.0,0,0,BLOCKED,BLOCKED,INSUFFICIENT,INSUFFICIENT,SSI Primary Source
AAN,NORMAL_ENTERPRISE,,,0,,,0,,,0,0,0,0.0,0,0,BLOCKED,BLOCKED,INSUFFICIENT,INSUFFICIENT,SSI Primary Source
AAS,BANK,,,0,,,0,,,0,0,0,0.0,0,0,BLOCKED,BLOCKED,INSUFFICIENT,INSUFFICIENT,SSI Primary Source
AAV,NORMAL_ENTERPRISE,,,0,,,0,,,0,0,0,0.0,0,0,BLOCKED,BLOCKED,INSUFFICIENT,INSUFFICIENT,SSI Primary Source
ABB,BANK,,,0,,,0,,,0,0,0,0.0,0,0,BLOCKED,BLOCKED,INSUFFICIENT,INSUFFICIENT,SSI Primary Source
ABS,NORMAL_ENTERPRISE,,,0,,,0,,,0,0,0,0.0,0,0,BLOCKED,BLOCKED,INSUFFICIENT,INSUFFICIENT,SSI Primary Source
ABW,NORMAL_ENTERPRISE,,,0,,,0,,,0,0,0,0.0,0,0,BLOCKED,BLOCKED,INSUFFICIENT,INSUFFICIENT,SSI Primary Source
ACB,BANK,,,0,,,0,,,0,0,0,0.0,0,0,BLOCKED,BLOCKED,INSUFFICIENT,INSUFFICIENT,SSI Primary Source
ACC,NORMAL_ENTERPRISE,,,0,,,0,,,0,0,0,0.0,0,0,BLOCKED,BLOCKED,INSUFFICIENT,INSUFFICIENT,SSI Primary Source
ACV,NORMAL_ENTERPRISE,,,0,,,0,,,0,0,0,0.0,0,0,BLOCKED,BLOCKED,INSUFFICIENT,INSUFFICIENT,SSI Primary Source
ADS,NORMAL_ENTERPRISE,,,0,,,0,,,0,0,0,0.0,0,0,BLOCKED,BLOCKED,INSUFFICIENT,INSUFFICIENT,SSI Primary Source
AFX,NORMAL_ENTERPRISE,,,0,,,0,,,0,0,0,0.0,0,0,BLOCKED,BLOCKED,INSUFFICIENT,INSUFFICIENT,SSI Primary Source
AGG,NORMAL_ENTERPRISE,,,0,,,0,,,0,0,0,0.0,0,0,BLOCKED,BLOCKED,INSUFFICIENT,INSUFFICIENT,SSI Primary Source
AGR,SECURITIES,,,0,,,0,,,0,0,0,0.0,0,0,BLOCKED,BLOCKED,INSUFFICIENT,INSUFFICIENT,SSI Primary Source
AIG,NORMAL_ENTERPRISE,,,0,,,0,,,0,0,0,0.0,0,0,BLOCKED,BLOCKED,INSUFFICIENT,INSUFFICIENT,SSI Primary Source
AMS,NORMAL_ENTERPRISE,,,0,,,0,,,0,0,0,0.0,0,0,BLOCKED,BLOCKED,INSUFFICIENT,INSUFFICIENT,SSI Primary Source
AMV,NORMAL_ENTERPRISE,,,0,,,0,,,0,0,0,0.0,0,0,BLOCKED,BLOCKED,INSUFFICIENT,INSUFFICIENT,SSI Primary Source
ANT,NORMAL_ENTERPRISE,,,0,,,0,,,0,0,0,0.0,0,0,BLOCKED,BLOCKED,INSUFFICIENT,INSUFFICIENT,SSI Primary Source
ANV,NORMAL_ENTERPRISE,,,0,,,0,,,0,0,0,0.0,0,0,BLOCKED,BLOCKED,INSUFFICIENT,INSUFFICIENT,SSI Primary Source
APF,NORMAL_ENTERPRISE,,,0,,,0,,,0,0,0,0.0,0,0,BLOCKED,BLOCKED,INSUFFICIENT,INSUFFICIENT,SSI Primary Source
APG,NORMAL_ENTERPRISE,,,0,,,0,,,0,0,0,0.0,0,0,BLOCKED,BLOCKED,INSUFFICIENT,INSUFFICIENT,SSI Primary Source
APH,NORMAL_ENTERPRISE,,,0,,,0,,,0,0,0,0.0,0,0,BLOCKED,BLOCKED,INSUFFICIENT,INSUFFICIENT,SSI Primary Source
API,NORMAL_ENTERPRISE,,,0,,,0,,,0,0,0,0.0,0,0,BLOCKED,BLOCKED,INSUFFICIENT,INSUFFICIENT,SSI Primary Source
APS,NORMAL_ENTERPRISE,,,0,,,0,,,0,0,0,0.0,0,0,BLOCKED,BLOCKED,INSUFFICIENT,INSUFFICIENT,SSI Primary Source
ASM,NORMAL_ENTERPRISE,,,0,,,0,,,0,0,0,0.0,0,0,BLOCKED,BLOCKED,INSUFFICIENT,INSUFFICIENT,SSI Primary Source
ASP,NORMAL_ENTERPRISE,,,0,,,0,,,0,0,0,0.0,0,0,BLOCKED,BLOCKED,INSUFFICIENT,INSUFFICIENT,SSI Primary Source
AVG,NORMAL_ENTERPRISE,,,0,,,0,,,0,0,0,0.0,0,0,BLOCKED,BLOCKED,INSUFFICIENT,INSUFFICIENT,SSI Primary Source
BAF,NORMAL_ENTERPRISE,,,0,,,0,,,0,0,0,0.0,0,0,BLOCKED,BLOCKED,INSUFFICIENT,INSUFFICIENT,SSI Primary Source
BCE,NORMAL_ENTERPRISE,,,0,,,0,,,0,0,0,0.0,0,0,BLOCKED,BLOCKED,INSUFFICIENT,INSUFFICIENT,SSI Primary Source
BCM,NORMAL_ENTERPRISE,,,0,,,0,,,0,0,0,0.0,0,0,BLOCKED,BLOCKED,INSUFFICIENT,INSUFFICIENT,SSI Primary Source
BDT,NORMAL_ENTERPRISE,,,0,,,0,,,0,0,0,0.0,0,0,BLOCKED,BLOCKED,INSUFFICIENT,INSUFFICIENT,SSI Primary Source
BFC,NORMAL_ENTERPRISE,,,0,,,0,,,0,0,0,0.0,0,0,BLOCKED,BLOCKED,INSUFFICIENT,INSUFFICIENT,SSI Primary Source
BIC,NORMAL_ENTERPRISE,,,0,,,0,,,0,0,0,0.0,0,0,BLOCKED,BLOCKED,INSUFFICIENT,INSUFFICIENT,SSI Primary Source
BID,BANK,,,0,,,0,,,0,0,0,0.0,0,0,BLOCKED,BLOCKED,INSUFFICIENT,INSUFFICIENT,SSI Primary Source
BIG,NORMAL_ENTERPRISE,,,0,,,0,,,0,0,0,0.0,0,0,BLOCKED,BLOCKED,INSUFFICIENT,INSUFFICIENT,SSI Primary Source
BKG,NORMAL_ENTERPRISE,,,0,,,0,,,0,0,0,0.0,0,0,BLOCKED,BLOCKED,INSUFFICIENT,INSUFFICIENT,SSI Primary Source
BMI,NORMAL_ENTERPRISE,,,0,,,0,,,0,0,0,0.0,0,0,BLOCKED,BLOCKED,INSUFFICIENT,INSUFFICIENT,SSI Primary Source
BMP,NORMAL_ENTERPRISE,,,0,,,0,,,0,0,0,0.0,0,0,BLOCKED,BLOCKED,INSUFFICIENT,INSUFFICIENT,SSI Primary Source
BMS,NORMAL_ENTERPRISE,,,0,,,0,,,0,0,0,0.0,0,0,BLOCKED,BLOCKED,INSUFFICIENT,INSUFFICIENT,SSI Primary Source
BNA,NORMAL_ENTERPRISE,,,0,,,0,,,0,0,0,0.0,0,0,BLOCKED,BLOCKED,INSUFFICIENT,INSUFFICIENT,SSI Primary Source
BSI,SECURITIES,,,0,,,0,,,0,0,0,0.0,0,0,BLOCKED,BLOCKED,INSUFFICIENT,INSUFFICIENT,SSI Primary Source
BSR,NORMAL_ENTERPRISE,,,0,,,0,,,0,0,0,0.0,0,0,BLOCKED,BLOCKED,INSUFFICIENT,INSUFFICIENT,SSI Primary Source
BVB,BANK,,,0,,,0,,,0,0,0,0.0,0,0,BLOCKED,BLOCKED,INSUFFICIENT,INSUFFICIENT,SSI Primary Source
BVH,NORMAL_ENTERPRISE,,,0,,,0,,,0,0,0,0.0,0,0,BLOCKED,BLOCKED,INSUFFICIENT,INSUFFICIENT,SSI Primary Source
BVS,NORMAL_ENTERPRISE,,,0,,,0,,,0,0,0,0.0,0,0,BLOCKED,BLOCKED,INSUFFICIENT,INSUFFICIENT,SSI Primary Source
BWE,NORMAL_ENTERPRISE,,,0,,,0,,,0,0,0,0.0,0,0,BLOCKED,BLOCKED,INSUFFICIENT,INSUFFICIENT,SSI Primary Source
C32,NORMAL_ENTERPRISE,,,0,,,0,,,0,0,0,0.0,0,0,BLOCKED,BLOCKED,INSUFFICIENT,INSUFFICIENT,SSI Primary Source
C4G,NORMAL_ENTERPRISE,,,0,,,0,,,0,0,0,0.0,0,0,BLOCKED,BLOCKED,INSUFFICIENT,INSUFFICIENT,SSI Primary Source
C69,NORMAL_ENTERPRISE,,,0,,,0,,,0,0,0,0.0,0,0,BLOCKED,BLOCKED,INSUFFICIENT,INSUFFICIENT,SSI Primary Source
CAP,NORMAL_ENTERPRISE,,,0,,,0,,,0,0,0,0.0,0,0,BLOCKED,BLOCKED,INSUFFICIENT,INSUFFICIENT,SSI Primary Source
CDC,NORMAL_ENTERPRISE,,,0,,,0,,,0,0,0,0.0,0,0,BLOCKED,BLOCKED,INSUFFICIENT,INSUFFICIENT,SSI Primary Source
CEO,NORMAL_ENTERPRISE,,,0,,,0,,,0,0,0,0.0,0,0,BLOCKED,BLOCKED,INSUFFICIENT,INSUFFICIENT,SSI Primary Source
CII,NORMAL_ENTERPRISE,,,0,,,0,,,0,0,0,0.0,0,0,BLOCKED,BLOCKED,INSUFFICIENT,INSUFFICIENT,SSI Primary Source
CLI,NORMAL_ENTERPRISE,,,0,,,0,,,0,0,0,0.0,0,0,BLOCKED,BLOCKED,INSUFFICIENT,INSUFFICIENT,SSI Primary Source
CLX,NORMAL_ENTERPRISE,,,0,,,0,,,0,0,0,0.0,0,0,BLOCKED,BLOCKED,INSUFFICIENT,INSUFFICIENT,SSI Primary Source
CMG,NORMAL_ENTERPRISE,,,0,,,0,,,0,0,0,0.0,0,0,BLOCKED,BLOCKED,INSUFFICIENT,INSUFFICIENT,SSI Primary Source
CMS,NORMAL_ENTERPRISE,,,0,,,0,,,0,0,0,0.0,0,0,BLOCKED,BLOCKED,INSUFFICIENT,INSUFFICIENT,SSI Primary Source
CQN,NORMAL_ENTERPRISE,,,0,,,0,,,0,0,0,0.0,0,0,BLOCKED,BLOCKED,INSUFFICIENT,INSUFFICIENT,SSI Primary Source
CRC,NORMAL_ENTERPRISE,,,0,,,0,,,0,0,0,0.0,0,0,BLOCKED,BLOCKED,INSUFFICIENT,INSUFFICIENT,SSI Primary Source
CRE,NORMAL_ENTERPRISE,,,0,,,0,,,0,0,0,0.0,0,0,BLOCKED,BLOCKED,INSUFFICIENT,INSUFFICIENT,SSI Primary Source
CSM,NORMAL_ENTERPRISE,,,0,,,0,,,0,0,0,0.0,0,0,BLOCKED,BLOCKED,INSUFFICIENT,INSUFFICIENT,SSI Primary Source
CSV,NORMAL_ENTERPRISE,,,0,,,0,,,0,0,0,0.0,0,0,BLOCKED,BLOCKED,INSUFFICIENT,INSUFFICIENT,SSI Primary Source
CTD,NORMAL_ENTERPRISE,,,0,,,0,,,0,0,0,0.0,0,0,BLOCKED,BLOCKED,INSUFFICIENT,INSUFFICIENT,SSI Primary Source
CTF,NORMAL_ENTERPRISE,,,0,,,0,,,0,0,0,0.0,0,0,BLOCKED,BLOCKED,INSUFFICIENT,INSUFFICIENT,SSI Primary Source
CTG,BANK,,,0,,,0,,,0,0,0,0.0,0,0,BLOCKED,BLOCKED,INSUFFICIENT,INSUFFICIENT,SSI Primary Source
CTI,NORMAL_ENTERPRISE,,,0,,,0,,,0,0,0,0.0,0,0,BLOCKED,BLOCKED,INSUFFICIENT,INSUFFICIENT,SSI Primary Source
CTP,NORMAL_ENTERPRISE,,,0,,,0,,,0,0,0,0.0,0,0,BLOCKED,BLOCKED,INSUFFICIENT,INSUFFICIENT,SSI Primary Source
CTR,NORMAL_ENTERPRISE,,,0,,,0,,,0,0,0,0.0,0,0,BLOCKED,BLOCKED,INSUFFICIENT,INSUFFICIENT,SSI Primary Source
CTS,SECURITIES,,,0,,,0,,,0,0,0,0.0,0,0,BLOCKED,BLOCKED,INSUFFICIENT,INSUFFICIENT,SSI Primary Source
CVN,NORMAL_ENTERPRISE,,,0,,,0,,,0,0,0,0.0,0,0,BLOCKED,BLOCKED,INSUFFICIENT,INSUFFICIENT,SSI Primary Source
D2D,NORMAL_ENTERPRISE,,,0,,,0,,,0,0,0,0.0,0,0,BLOCKED,BLOCKED,INSUFFICIENT,INSUFFICIENT,SSI Primary Source
DBC,NORMAL_ENTERPRISE,,,0,,,0,,,0,0,0,0.0,0,0,BLOCKED,BLOCKED,INSUFFICIENT,INSUFFICIENT,SSI Primary Source
DBD,NORMAL_ENTERPRISE,,,0,,,0,,,0,0,0,0.0,0,0,BLOCKED,BLOCKED,INSUFFICIENT,INSUFFICIENT,SSI Primary Source
DC4,NORMAL_ENTERPRISE,,,0,,,0,,,0,0,0,0.0,0,0,BLOCKED,BLOCKED,INSUFFICIENT,INSUFFICIENT,SSI Primary Source
DCL,NORMAL_ENTERPRISE,,,0,,,0,,,0,0,0,0.0,0,0,BLOCKED,BLOCKED,INSUFFICIENT,INSUFFICIENT,SSI Primary Source
DCM,NORMAL_ENTERPRISE,,,0,,,0,,,0,0,0,0.0,0,0,BLOCKED,BLOCKED,INSUFFICIENT,INSUFFICIENT,SSI Primary Source
DDB,NORMAL_ENTERPRISE,,,0,,,0,,,0,0,0,0.0,0,0,BLOCKED,BLOCKED,INSUFFICIENT,INSUFFICIENT,SSI Primary Source
DDV,NORMAL_ENTERPRISE,,,0,,,0,,,0,0,0,0.0,0,0,BLOCKED,BLOCKED,INSUFFICIENT,INSUFFICIENT,SSI Primary Source
DGC,NORMAL_ENTERPRISE,,,0,,,0,,,0,0,0,0.0,0,0,BLOCKED,BLOCKED,INSUFFICIENT,INSUFFICIENT,SSI Primary Source
DGT,NORMAL_ENTERPRISE,,,0,,,0,,,0,0,0,0.0,0,0,BLOCKED,BLOCKED,INSUFFICIENT,INSUFFICIENT,SSI Primary Source
DGW,NORMAL_ENTERPRISE,,,0,,,0,,,0,0,0,0.0,0,0,BLOCKED,BLOCKED,INSUFFICIENT,INSUFFICIENT,SSI Primary Source
DHA,NORMAL_ENTERPRISE,,,0,,,0,,,0,0,0,0.0,0,0,BLOCKED,BLOCKED,INSUFFICIENT,INSUFFICIENT,SSI Primary Source
DHB,NORMAL_ENTERPRISE,,,0,,,0,,,0,0,0,0.0,0,0,BLOCKED,BLOCKED,INSUFFICIENT,INSUFFICIENT,SSI Primary Source
DHC,NORMAL_ENTERPRISE,,,0,,,0,,,0,0,0,0.0,0,0,BLOCKED,BLOCKED,INSUFFICIENT,INSUFFICIENT,SSI Primary Source
DHG,NORMAL_ENTERPRISE,,,0,,,0,,,0,0,0,0.0,0,0,BLOCKED,BLOCKED,INSUFFICIENT,INSUFFICIENT,SSI Primary Source
DIG,NORMAL_ENTERPRISE,,,0,,,0,,,0,0,0,0.0,0,0,BLOCKED,BLOCKED,INSUFFICIENT,INSUFFICIENT,SSI Primary Source
DL1,NORMAL_ENTERPRISE,,,0,,,0,,,0,0,0,0.0,0,0,BLOCKED,BLOCKED,INSUFFICIENT,INSUFFICIENT,SSI Primary Source
DLG,NORMAL_ENTERPRISE,,,0,,,0,,,0,0,0,0.0,0,0,BLOCKED,BLOCKED,INSUFFICIENT,INSUFFICIENT,SSI Primary Source
DPG,NORMAL_ENTERPRISE,,,0,,,0,,,0,0,0,0.0,0,0,BLOCKED,BLOCKED,INSUFFICIENT,INSUFFICIENT,SSI Primary Source
DPM,NORMAL_ENTERPRISE,,,0,,,0,,,0,0,0,0.0,0,0,BLOCKED,BLOCKED,INSUFFICIENT,INSUFFICIENT,SSI Primary Source
DPR,NORMAL_ENTERPRISE,,,0,,,0,,,0,0,0,0.0,0,0,BLOCKED,BLOCKED,INSUFFICIENT,INSUFFICIENT,SSI Primary Source
DRC,NORMAL_ENTERPRISE,,,0,,,0,,,0,0,0,0.0,0,0,BLOCKED,BLOCKED,INSUFFICIENT,INSUFFICIENT,SSI Primary Source
DRH,NORMAL_ENTERPRISE,,,0,,,0,,,0,0,0,0.0,0,0,BLOCKED,BLOCKED,INSUFFICIENT,INSUFFICIENT,SSI Primary Source
DRI,NORMAL_ENTERPRISE,,,0,,,0,,,0,0,0,0.0,0,0,BLOCKED,BLOCKED,INSUFFICIENT,INSUFFICIENT,SSI Primary Source
DSE,NORMAL_ENTERPRISE,,,0,,,0,,,0,0,0,0.0,0,0,BLOCKED,BLOCKED,INSUFFICIENT,INSUFFICIENT,SSI Primary Source
DSH,NORMAL_ENTERPRISE,,,0,,,0,,,0,0,0,0.0,0,0,BLOCKED,BLOCKED,INSUFFICIENT,INSUFFICIENT,SSI Primary Source
DST,NORMAL_ENTERPRISE,,,0,,,0,,,0,0,0,0.0,0,0,BLOCKED,BLOCKED,INSUFFICIENT,INSUFFICIENT,SSI Primary Source
DTD,NORMAL_ENTERPRISE,,,0,,,0,,,0,0,0,0.0,0,0,BLOCKED,BLOCKED,INSUFFICIENT,INSUFFICIENT,SSI Primary Source
DVM,NORMAL_ENTERPRISE,,,0,,,0,,,0,0,0,0.0,0,0,BLOCKED,BLOCKED,INSUFFICIENT,INSUFFICIENT,SSI Primary Source
DVN,NORMAL_ENTERPRISE,,,0,,,0,,,0,0,0,0.0,0,0,BLOCKED,BLOCKED,INSUFFICIENT,INSUFFICIENT,SSI Primary Source
DVP,NORMAL_ENTERPRISE,,,0,,,0,,,0,0,0,0.0,0,0,BLOCKED,BLOCKED,INSUFFICIENT,INSUFFICIENT,SSI Primary Source
DXG,NORMAL_ENTERPRISE,,,0,,,0,,,0,0,0,0.0,0,0,BLOCKED,BLOCKED,INSUFFICIENT,INSUFFICIENT,SSI Primary Source
DXP,NORMAL_ENTERPRISE,,,0,,,0,,,0,0,0,0.0,0,0,BLOCKED,BLOCKED,INSUFFICIENT,INSUFFICIENT,SSI Primary Source
DXS,NORMAL_ENTERPRISE,,,0,,,0,,,0,0,0,0.0,0,0,BLOCKED,BLOCKED,INSUFFICIENT,INSUFFICIENT,SSI Primary Source
EIB,BANK,,,0,,,0,,,0,0,0,0.0,0,0,BLOCKED,BLOCKED,INSUFFICIENT,INSUFFICIENT,SSI Primary Source
ELC,NORMAL_ENTERPRISE,,,0,,,0,,,0,0,0,0.0,0,0,BLOCKED,BLOCKED,INSUFFICIENT,INSUFFICIENT,SSI Primary Source
EVF,NORMAL_ENTERPRISE,,,0,,,0,,,0,0,0,0.0,0,0,BLOCKED,BLOCKED,INSUFFICIENT,INSUFFICIENT,SSI Primary Source
EVG,NORMAL_ENTERPRISE,,,0,,,0,,,0,0,0,0.0,0,0,BLOCKED,BLOCKED,INSUFFICIENT,INSUFFICIENT,SSI Primary Source
EVS,NORMAL_ENTERPRISE,,,0,,,0,,,0,0,0,0.0,0,0,BLOCKED,BLOCKED,INSUFFICIENT,INSUFFICIENT,SSI Primary Source
F88,NORMAL_ENTERPRISE,,,0,,,0,,,0,0,0,0.0,0,0,BLOCKED,BLOCKED,INSUFFICIENT,INSUFFICIENT,SSI Primary Source
FCN,NORMAL_ENTERPRISE,,,0,,,0,,,0,0,0,0.0,0,0,BLOCKED,BLOCKED,INSUFFICIENT,INSUFFICIENT,SSI Primary Source
FID,NORMAL_ENTERPRISE,,,0,,,0,,,0,0,0,0.0,0,0,BLOCKED,BLOCKED,INSUFFICIENT,INSUFFICIENT,SSI Primary Source
FIR,NORMAL_ENTERPRISE,,,0,,,0,,,0,0,0,0.0,0,0,BLOCKED,BLOCKED,INSUFFICIENT,INSUFFICIENT,SSI Primary Source
FIT,NORMAL_ENTERPRISE,,,0,,,0,,,0,0,0,0.0,0,0,BLOCKED,BLOCKED,INSUFFICIENT,INSUFFICIENT,SSI Primary Source
FMC,NORMAL_ENTERPRISE,,,0,,,0,,,0,0,0,0.0,0,0,BLOCKED,BLOCKED,INSUFFICIENT,INSUFFICIENT,SSI Primary Source
FOC,NORMAL_ENTERPRISE,,,0,,,0,,,0,0,0,0.0,0,0,BLOCKED,BLOCKED,INSUFFICIENT,INSUFFICIENT,SSI Primary Source
FOX,NORMAL_ENTERPRISE,,,0,,,0,,,0,0,0,0.0,0,0,BLOCKED,BLOCKED,INSUFFICIENT,INSUFFICIENT,SSI Primary Source
FPT,NORMAL_ENTERPRISE,,,0,,,0,,,0,0,0,0.0,0,0,BLOCKED,BLOCKED,INSUFFICIENT,INSUFFICIENT,SSI Primary Source
FRT,NORMAL_ENTERPRISE,,,0,,,0,,,0,0,0,0.0,0,0,BLOCKED,BLOCKED,INSUFFICIENT,INSUFFICIENT,SSI Primary Source
FTS,SECURITIES,,,0,,,0,,,0,0,0,0.0,0,0,BLOCKED,BLOCKED,INSUFFICIENT,INSUFFICIENT,SSI Primary Source
G36,NORMAL_ENTERPRISE,,,0,,,0,,,0,0,0,0.0,0,0,BLOCKED,BLOCKED,INSUFFICIENT,INSUFFICIENT,SSI Primary Source
GAS,NORMAL_ENTERPRISE,,,0,,,0,,,0,0,0,0.0,0,0,BLOCKED,BLOCKED,INSUFFICIENT,INSUFFICIENT,SSI Primary Source
GCF,NORMAL_ENTERPRISE,,,0,,,0,,,0,0,0,0.0,0,0,BLOCKED,BLOCKED,INSUFFICIENT,INSUFFICIENT,SSI Primary Source
GDA,NORMAL_ENTERPRISE,,,0,,,0,,,0,0,0,0.0,0,0,BLOCKED,BLOCKED,INSUFFICIENT,INSUFFICIENT,SSI Primary Source
GEE,NORMAL_ENTERPRISE,,,0,,,0,,,0,0,0,0.0,0,0,BLOCKED,BLOCKED,INSUFFICIENT,INSUFFICIENT,SSI Primary Source
GEG,NORMAL_ENTERPRISE,,,0,,,0,,,0,0,0,0.0,0,0,BLOCKED,BLOCKED,INSUFFICIENT,INSUFFICIENT,SSI Primary Source
GEL,NORMAL_ENTERPRISE,,,0,,,0,,,0,0,0,0.0,0,0,BLOCKED,BLOCKED,INSUFFICIENT,INSUFFICIENT,SSI Primary Source
GEX,NORMAL_ENTERPRISE,,,0,,,0,,,0,0,0,0.0,0,0,BLOCKED,BLOCKED,INSUFFICIENT,INSUFFICIENT,SSI Primary Source
GIL,NORMAL_ENTERPRISE,,,0,,,0,,,0,0,0,0.0,0,0,BLOCKED,BLOCKED,INSUFFICIENT,INSUFFICIENT,SSI Primary Source
GMD,NORMAL_ENTERPRISE,,,0,,,0,,,0,0,0,0.0,0,0,BLOCKED,BLOCKED,INSUFFICIENT,INSUFFICIENT,SSI Primary Source
GSP,NORMAL_ENTERPRISE,,,0,,,0,,,0,0,0,0.0,0,0,BLOCKED,BLOCKED,INSUFFICIENT,INSUFFICIENT,SSI Primary Source
GVR,NORMAL_ENTERPRISE,,,0,,,0,,,0,0,0,0.0,0,0,BLOCKED,BLOCKED,INSUFFICIENT,INSUFFICIENT,SSI Primary Source
HAG,NORMAL_ENTERPRISE,,,0,,,0,,,0,0,0,0.0,0,0,BLOCKED,BLOCKED,INSUFFICIENT,INSUFFICIENT,SSI Primary Source
HAH,NORMAL_ENTERPRISE,,,0,,,0,,,0,0,0,0.0,0,0,BLOCKED,BLOCKED,INSUFFICIENT,INSUFFICIENT,SSI Primary Source
HAR,NORMAL_ENTERPRISE,,,0,,,0,,,0,0,0,0.0,0,0,BLOCKED,BLOCKED,INSUFFICIENT,INSUFFICIENT,SSI Primary Source
HAX,NORMAL_ENTERPRISE,,,0,,,0,,,0,0,0,0.0,0,0,BLOCKED,BLOCKED,INSUFFICIENT,INSUFFICIENT,SSI Primary Source
HBC,NORMAL_ENTERPRISE,,,0,,,0,,,0,0,0,0.0,0,0,BLOCKED,BLOCKED,INSUFFICIENT,INSUFFICIENT,SSI Primary Source
HCM,SECURITIES,,,0,,,0,,,0,0,0,0.0,0,0,BLOCKED,BLOCKED,INSUFFICIENT,INSUFFICIENT,SSI Primary Source
HDB,BANK,,,0,,,0,,,0,0,0,0.0,0,0,BLOCKED,BLOCKED,INSUFFICIENT,INSUFFICIENT,SSI Primary Source
HDC,NORMAL_ENTERPRISE,,,0,,,0,,,0,0,0,0.0,0,0,BLOCKED,BLOCKED,INSUFFICIENT,INSUFFICIENT,SSI Primary Source
HDG,NORMAL_ENTERPRISE,,,0,,,0,,,0,0,0,0.0,0,0,BLOCKED,BLOCKED,INSUFFICIENT,INSUFFICIENT,SSI Primary Source
HHP,NORMAL_ENTERPRISE,,,0,,,0,,,0,0,0,0.0,0,0,BLOCKED,BLOCKED,INSUFFICIENT,INSUFFICIENT,SSI Primary Source
HHS,NORMAL_ENTERPRISE,,,0,,,0,,,0,0,0,0.0,0,0,BLOCKED,BLOCKED,INSUFFICIENT,INSUFFICIENT,SSI Primary Source
HHV,NORMAL_ENTERPRISE,,,0,,,0,,,0,0,0,0.0,0,0,BLOCKED,BLOCKED,INSUFFICIENT,INSUFFICIENT,SSI Primary Source
HID,NORMAL_ENTERPRISE,,,0,,,0,,,0,0,0,0.0,0,0,BLOCKED,BLOCKED,INSUFFICIENT,INSUFFICIENT,SSI Primary Source
HII,NORMAL_ENTERPRISE,,,0,,,0,,,0,0,0,0.0,0,0,BLOCKED,BLOCKED,INSUFFICIENT,INSUFFICIENT,SSI Primary Source
HNG,NORMAL_ENTERPRISE,,,0,,,0,,,0,0,0,0.0,0,0,BLOCKED,BLOCKED,INSUFFICIENT,INSUFFICIENT,SSI Primary Source
HNM,NORMAL_ENTERPRISE,,,0,,,0,,,0,0,0,0.0,0,0,BLOCKED,BLOCKED,INSUFFICIENT,INSUFFICIENT,SSI Primary Source
HPA,NORMAL_ENTERPRISE,,,0,,,0,,,0,0,0,0.0,0,0,BLOCKED,BLOCKED,INSUFFICIENT,INSUFFICIENT,SSI Primary Source
HPG,NORMAL_ENTERPRISE,,,0,,,0,,,0,0,0,0.0,0,0,BLOCKED,BLOCKED,INSUFFICIENT,INSUFFICIENT,SSI Primary Source
HPX,NORMAL_ENTERPRISE,,,0,,,0,,,0,0,0,0.0,0,0,BLOCKED,BLOCKED,INSUFFICIENT,INSUFFICIENT,SSI Primary Source
HQC,NORMAL_ENTERPRISE,,,0,,,0,,,0,0,0,0.0,0,0,BLOCKED,BLOCKED,INSUFFICIENT,INSUFFICIENT,SSI Primary Source
HSG,NORMAL_ENTERPRISE,,,0,,,0,,,0,0,0,0.0,0,0,BLOCKED,BLOCKED,INSUFFICIENT,INSUFFICIENT,SSI Primary Source
HSL,NORMAL_ENTERPRISE,,,0,,,0,,,0,0,0,0.0,0,0,BLOCKED,BLOCKED,INSUFFICIENT,INSUFFICIENT,SSI Primary Source
HT1,NORMAL_ENTERPRISE,,,0,,,0,,,0,0,0,0.0,0,0,BLOCKED,BLOCKED,INSUFFICIENT,INSUFFICIENT,SSI Primary Source
HTI,NORMAL_ENTERPRISE,,,0,,,0,,,0,0,0,0.0,0,0,BLOCKED,BLOCKED,INSUFFICIENT,INSUFFICIENT,SSI Primary Source
HTN,NORMAL_ENTERPRISE,,,0,,,0,,,0,0,0,0.0,0,0,BLOCKED,BLOCKED,INSUFFICIENT,INSUFFICIENT,SSI Primary Source
HUT,NORMAL_ENTERPRISE,,,0,,,0,,,0,0,0,0.0,0,0,BLOCKED,BLOCKED,INSUFFICIENT,INSUFFICIENT,SSI Primary Source
HVA,NORMAL_ENTERPRISE,,,0,,,0,,,0,0,0,0.0,0,0,BLOCKED,BLOCKED,INSUFFICIENT,INSUFFICIENT,SSI Primary Source
HVH,NORMAL_ENTERPRISE,,,0,,,0,,,0,0,0,0.0,0,0,BLOCKED,BLOCKED,INSUFFICIENT,INSUFFICIENT,SSI Primary Source
HVN,NORMAL_ENTERPRISE,,,0,,,0,,,0,0,0,0.0,0,0,BLOCKED,BLOCKED,INSUFFICIENT,INSUFFICIENT,SSI Primary Source
IDC,NORMAL_ENTERPRISE,,,0,,,0,,,0,0,0,0.0,0,0,BLOCKED,BLOCKED,INSUFFICIENT,INSUFFICIENT,SSI Primary Source
IDI,NORMAL_ENTERPRISE,,,0,,,0,,,0,0,0,0.0,0,0,BLOCKED,BLOCKED,INSUFFICIENT,INSUFFICIENT,SSI Primary Source
IDJ,NORMAL_ENTERPRISE,,,0,,,0,,,0,0,0,0.0,0,0,BLOCKED,BLOCKED,INSUFFICIENT,INSUFFICIENT,SSI Primary Source
IJC,NORMAL_ENTERPRISE,,,0,,,0,,,0,0,0,0.0,0,0,BLOCKED,BLOCKED,INSUFFICIENT,INSUFFICIENT,SSI Primary Source
ILS,NORMAL_ENTERPRISE,,,0,,,0,,,0,0,0,0.0,0,0,BLOCKED,BLOCKED,INSUFFICIENT,INSUFFICIENT,SSI Primary Source
IMP,NORMAL_ENTERPRISE,,,0,,,0,,,0,0,0,0.0,0,0,BLOCKED,BLOCKED,INSUFFICIENT,INSUFFICIENT,SSI Primary Source
IPA,NORMAL_ENTERPRISE,,,0,,,0,,,0,0,0,0.0,0,0,BLOCKED,BLOCKED,INSUFFICIENT,INSUFFICIENT,SSI Primary Source
ITC,NORMAL_ENTERPRISE,,,0,,,0,,,0,0,0,0.0,0,0,BLOCKED,BLOCKED,INSUFFICIENT,INSUFFICIENT,SSI Primary Source
ITD,NORMAL_ENTERPRISE,,,0,,,0,,,0,0,0,0.0,0,0,BLOCKED,BLOCKED,INSUFFICIENT,INSUFFICIENT,SSI Primary Source
IVS,SECURITIES,,,0,,,0,,,0,0,0,0.0,0,0,BLOCKED,BLOCKED,INSUFFICIENT,INSUFFICIENT,SSI Primary Source
JVC,NORMAL_ENTERPRISE,,,0,,,0,,,0,0,0,0.0,0,0,BLOCKED,BLOCKED,INSUFFICIENT,INSUFFICIENT,SSI Primary Source
KBC,NORMAL_ENTERPRISE,,,0,,,0,,,0,0,0,0.0,0,0,BLOCKED,BLOCKED,INSUFFICIENT,INSUFFICIENT,SSI Primary Source
KDC,NORMAL_ENTERPRISE,,,0,,,0,,,0,0,0,0.0,0,0,BLOCKED,BLOCKED,INSUFFICIENT,INSUFFICIENT,SSI Primary Source
KDH,NORMAL_ENTERPRISE,,,0,,,0,,,0,0,0,0.0,0,0,BLOCKED,BLOCKED,INSUFFICIENT,INSUFFICIENT,SSI Primary Source
KHG,NORMAL_ENTERPRISE,,,0,,,0,,,0,0,0,0.0,0,0,BLOCKED,BLOCKED,INSUFFICIENT,INSUFFICIENT,SSI Primary Source
KLB,NORMAL_ENTERPRISE,,,0,,,0,,,0,0,0,0.0,0,0,BLOCKED,BLOCKED,INSUFFICIENT,INSUFFICIENT,SSI Primary Source
KOS,NORMAL_ENTERPRISE,,,0,,,0,,,0,0,0,0.0,0,0,BLOCKED,BLOCKED,INSUFFICIENT,INSUFFICIENT,SSI Primary Source
KSB,NORMAL_ENTERPRISE,,,0,,,0,,,0,0,0,0.0,0,0,BLOCKED,BLOCKED,INSUFFICIENT,INSUFFICIENT,SSI Primary Source
KSF,NORMAL_ENTERPRISE,,,0,,,0,,,0,0,0,0.0,0,0,BLOCKED,BLOCKED,INSUFFICIENT,INSUFFICIENT,SSI Primary Source
KSV,NORMAL_ENTERPRISE,,,0,,,0,,,0,0,0,0.0,0,0,BLOCKED,BLOCKED,INSUFFICIENT,INSUFFICIENT,SSI Primary Source
L14,NORMAL_ENTERPRISE,,,0,,,0,,,0,0,0,0.0,0,0,BLOCKED,BLOCKED,INSUFFICIENT,INSUFFICIENT,SSI Primary Source
L40,NORMAL_ENTERPRISE,,,0,,,0,,,0,0,0,0.0,0,0,BLOCKED,BLOCKED,INSUFFICIENT,INSUFFICIENT,SSI Primary Source
LAS,NORMAL_ENTERPRISE,,,0,,,0,,,0,0,0,0.0,0,0,BLOCKED,BLOCKED,INSUFFICIENT,INSUFFICIENT,SSI Primary Source
LCG,NORMAL_ENTERPRISE,,,0,,,0,,,0,0,0,0.0,0,0,BLOCKED,BLOCKED,INSUFFICIENT,INSUFFICIENT,SSI Primary Source
LDG,NORMAL_ENTERPRISE,,,0,,,0,,,0,0,0,0.0,0,0,BLOCKED,BLOCKED,INSUFFICIENT,INSUFFICIENT,SSI Primary Source
LDP,NORMAL_ENTERPRISE,,,0,,,0,,,0,0,0,0.0,0,0,BLOCKED,BLOCKED,INSUFFICIENT,INSUFFICIENT,SSI Primary Source
LGL,NORMAL_ENTERPRISE,,,0,,,0,,,0,0,0,0.0,0,0,BLOCKED,BLOCKED,INSUFFICIENT,INSUFFICIENT,SSI Primary Source
LHC,NORMAL_ENTERPRISE,,,0,,,0,,,0,0,0,0.0,0,0,BLOCKED,BLOCKED,INSUFFICIENT,INSUFFICIENT,SSI Primary Source
LHG,NORMAL_ENTERPRISE,,,0,,,0,,,0,0,0,0.0,0,0,BLOCKED,BLOCKED,INSUFFICIENT,INSUFFICIENT,SSI Primary Source
LIG,NORMAL_ENTERPRISE,,,0,,,0,,,0,0,0,0.0,0,0,BLOCKED,BLOCKED,INSUFFICIENT,INSUFFICIENT,SSI Primary Source
LIX,NORMAL_ENTERPRISE,,,0,,,0,,,0,0,0,0.0,0,0,BLOCKED,BLOCKED,INSUFFICIENT,INSUFFICIENT,SSI Primary Source
LPB,BANK,,,0,,,0,,,0,0,0,0.0,0,0,BLOCKED,BLOCKED,INSUFFICIENT,INSUFFICIENT,SSI Primary Source
LSG,NORMAL_ENTERPRISE,,,0,,,0,,,0,0,0,0.0,0,0,BLOCKED,BLOCKED,INSUFFICIENT,INSUFFICIENT,SSI Primary Source
LSS,NORMAL_ENTERPRISE,,,0,,,0,,,0,0,0,0.0,0,0,BLOCKED,BLOCKED,INSUFFICIENT,INSUFFICIENT,SSI Primary Source
MBB,BANK,,,0,,,0,,,0,0,0,0.0,0,0,BLOCKED,BLOCKED,INSUFFICIENT,INSUFFICIENT,SSI Primary Source
MBG,NORMAL_ENTERPRISE,,,0,,,0,,,0,0,0,0.0,0,0,BLOCKED,BLOCKED,INSUFFICIENT,INSUFFICIENT,SSI Primary Source
MBS,SECURITIES,,,0,,,0,,,0,0,0,0.0,0,0,BLOCKED,BLOCKED,INSUFFICIENT,INSUFFICIENT,SSI Primary Source
MCH,NORMAL_ENTERPRISE,,,0,,,0,,,0,0,0,0.0,0,0,BLOCKED,BLOCKED,INSUFFICIENT,INSUFFICIENT,SSI Primary Source
MCM,NORMAL_ENTERPRISE,,,0,,,0,,,0,0,0,0.0,0,0,BLOCKED,BLOCKED,INSUFFICIENT,INSUFFICIENT,SSI Primary Source
MIG,NORMAL_ENTERPRISE,,,0,,,0,,,0,0,0,0.0,0,0,BLOCKED,BLOCKED,INSUFFICIENT,INSUFFICIENT,SSI Primary Source
MML,NORMAL_ENTERPRISE,,,0,,,0,,,0,0,0,0.0,0,0,BLOCKED,BLOCKED,INSUFFICIENT,INSUFFICIENT,SSI Primary Source
MSB,NORMAL_ENTERPRISE,,,0,,,0,,,0,0,0,0.0,0,0,BLOCKED,BLOCKED,INSUFFICIENT,INSUFFICIENT,SSI Primary Source
MSH,NORMAL_ENTERPRISE,,,0,,,0,,,0,0,0,0.0,0,0,BLOCKED,BLOCKED,INSUFFICIENT,INSUFFICIENT,SSI Primary Source
MSN,BANK,,,0,,,0,,,0,0,0,0.0,0,0,BLOCKED,BLOCKED,INSUFFICIENT,INSUFFICIENT,SSI Primary Source
MSR,NORMAL_ENTERPRISE,,,0,,,0,,,0,0,0,0.0,0,0,BLOCKED,BLOCKED,INSUFFICIENT,INSUFFICIENT,SSI Primary Source
MST,NORMAL_ENTERPRISE,,,0,,,0,,,0,0,0,0.0,0,0,BLOCKED,BLOCKED,INSUFFICIENT,INSUFFICIENT,SSI Primary Source
MVN,NORMAL_ENTERPRISE,,,0,,,0,,,0,0,0,0.0,0,0,BLOCKED,BLOCKED,INSUFFICIENT,INSUFFICIENT,SSI Primary Source
MWG,NORMAL_ENTERPRISE,,,0,,,0,,,0,0,0,0.0,0,0,BLOCKED,BLOCKED,INSUFFICIENT,INSUFFICIENT,SSI Primary Source
MZG,NORMAL_ENTERPRISE,,,0,,,0,,,0,0,0,0.0,0,0,BLOCKED,BLOCKED,INSUFFICIENT,INSUFFICIENT,SSI Primary Source
NAB,BANK,,,0,,,0,,,0,0,0,0.0,0,0,BLOCKED,BLOCKED,INSUFFICIENT,INSUFFICIENT,SSI Primary Source
NAF,NORMAL_ENTERPRISE,,,0,,,0,,,0,0,0,0.0,0,0,BLOCKED,BLOCKED,INSUFFICIENT,INSUFFICIENT,SSI Primary Source
NAG,NORMAL_ENTERPRISE,,,0,,,0,,,0,0,0,0.0,0,0,BLOCKED,BLOCKED,INSUFFICIENT,INSUFFICIENT,SSI Primary Source
NBB,NORMAL_ENTERPRISE,,,0,,,0,,,0,0,0,0.0,0,0,BLOCKED,BLOCKED,INSUFFICIENT,INSUFFICIENT,SSI Primary Source
NBC,NORMAL_ENTERPRISE,,,0,,,0,,,0,0,0,0.0,0,0,BLOCKED,BLOCKED,INSUFFICIENT,INSUFFICIENT,SSI Primary Source
NCT,NORMAL_ENTERPRISE,,,0,,,0,,,0,0,0,0.0,0,0,BLOCKED,BLOCKED,INSUFFICIENT,INSUFFICIENT,SSI Primary Source
NDN,NORMAL_ENTERPRISE,,,0,,,0,,,0,0,0,0.0,0,0,BLOCKED,BLOCKED,INSUFFICIENT,INSUFFICIENT,SSI Primary Source
NHA,NORMAL_ENTERPRISE,,,0,,,0,,,0,0,0,0.0,0,0,BLOCKED,BLOCKED,INSUFFICIENT,INSUFFICIENT,SSI Primary Source
NHH,NORMAL_ENTERPRISE,,,0,,,0,,,0,0,0,0.0,0,0,BLOCKED,BLOCKED,INSUFFICIENT,INSUFFICIENT,SSI Primary Source
NKG,NORMAL_ENTERPRISE,,,0,,,0,,,0,0,0,0.0,0,0,BLOCKED,BLOCKED,INSUFFICIENT,INSUFFICIENT,SSI Primary Source
NLG,NORMAL_ENTERPRISE,,,0,,,0,,,0,0,0,0.0,0,0,BLOCKED,BLOCKED,INSUFFICIENT,INSUFFICIENT,SSI Primary Source
NNC,NORMAL_ENTERPRISE,,,0,,,0,,,0,0,0,0.0,0,0,BLOCKED,BLOCKED,INSUFFICIENT,INSUFFICIENT,SSI Primary Source
NRC,NORMAL_ENTERPRISE,,,0,,,0,,,0,0,0,0.0,0,0,BLOCKED,BLOCKED,INSUFFICIENT,INSUFFICIENT,SSI Primary Source
NSH,NORMAL_ENTERPRISE,,,0,,,0,,,0,0,0,0.0,0,0,BLOCKED,BLOCKED,INSUFFICIENT,INSUFFICIENT,SSI Primary Source
NT2,NORMAL_ENTERPRISE,,,0,,,0,,,0,0,0,0.0,0,0,BLOCKED,BLOCKED,INSUFFICIENT,INSUFFICIENT,SSI Primary Source
NTL,NORMAL_ENTERPRISE,,,0,,,0,,,0,0,0,0.0,0,0,BLOCKED,BLOCKED,INSUFFICIENT,INSUFFICIENT,SSI Primary Source
NTP,NORMAL_ENTERPRISE,,,0,,,0,,,0,0,0,0.0,0,0,BLOCKED,BLOCKED,INSUFFICIENT,INSUFFICIENT,SSI Primary Source
NVB,NORMAL_ENTERPRISE,,,0,,,0,,,0,0,0,0.0,0,0,BLOCKED,BLOCKED,INSUFFICIENT,INSUFFICIENT,SSI Primary Source
NVL,NORMAL_ENTERPRISE,,,0,,,0,,,0,0,0,0.0,0,0,BLOCKED,BLOCKED,INSUFFICIENT,INSUFFICIENT,SSI Primary Source
OCB,BANK,,,0,,,0,,,0,0,0,0.0,0,0,BLOCKED,BLOCKED,INSUFFICIENT,INSUFFICIENT,SSI Primary Source
OCH,NORMAL_ENTERPRISE,,,0,,,0,,,0,0,0,0.0,0,0,BLOCKED,BLOCKED,INSUFFICIENT,INSUFFICIENT,SSI Primary Source
ODE,NORMAL_ENTERPRISE,,,0,,,0,,,0,0,0,0.0,0,0,BLOCKED,BLOCKED,INSUFFICIENT,INSUFFICIENT,SSI Primary Source
OGC,NORMAL_ENTERPRISE,,,0,,,0,,,0,0,0,0.0,0,0,BLOCKED,BLOCKED,INSUFFICIENT,INSUFFICIENT,SSI Primary Source
OIL,NORMAL_ENTERPRISE,,,0,,,0,,,0,0,0,0.0,0,0,BLOCKED,BLOCKED,INSUFFICIENT,INSUFFICIENT,SSI Primary Source
ORS,SECURITIES,,,0,,,0,,,0,0,0,0.0,0,0,BLOCKED,BLOCKED,INSUFFICIENT,INSUFFICIENT,SSI Primary Source
PAC,NORMAL_ENTERPRISE,,,0,,,0,,,0,0,0,0.0,0,0,BLOCKED,BLOCKED,INSUFFICIENT,INSUFFICIENT,SSI Primary Source
PAN,NORMAL_ENTERPRISE,,,0,,,0,,,0,0,0,0.0,0,0,BLOCKED,BLOCKED,INSUFFICIENT,INSUFFICIENT,SSI Primary Source
PAT,NORMAL_ENTERPRISE,,,0,,,0,,,0,0,0,0.0,0,0,BLOCKED,BLOCKED,INSUFFICIENT,INSUFFICIENT,SSI Primary Source
PC1,NORMAL_ENTERPRISE,,,0,,,0,,,0,0,0,0.0,0,0,BLOCKED,BLOCKED,INSUFFICIENT,INSUFFICIENT,SSI Primary Source
PCH,NORMAL_ENTERPRISE,,,0,,,0,,,0,0,0,0.0,0,0,BLOCKED,BLOCKED,INSUFFICIENT,INSUFFICIENT,SSI Primary Source
PDR,NORMAL_ENTERPRISE,,,0,,,0,,,0,0,0,0.0,0,0,BLOCKED,BLOCKED,INSUFFICIENT,INSUFFICIENT,SSI Primary Source
PET,NORMAL_ENTERPRISE,,,0,,,0,,,0,0,0,0.0,0,0,BLOCKED,BLOCKED,INSUFFICIENT,INSUFFICIENT,SSI Primary Source
PGC,NORMAL_ENTERPRISE,,,0,,,0,,,0,0,0,0.0,0,0,BLOCKED,BLOCKED,INSUFFICIENT,INSUFFICIENT,SSI Primary Source
PHP,NORMAL_ENTERPRISE,,,0,,,0,,,0,0,0,0.0,0,0,BLOCKED,BLOCKED,INSUFFICIENT,INSUFFICIENT,SSI Primary Source
PHR,NORMAL_ENTERPRISE,,,0,,,0,,,0,0,0,0.0,0,0,BLOCKED,BLOCKED,INSUFFICIENT,INSUFFICIENT,SSI Primary Source
PIV,NORMAL_ENTERPRISE,,,0,,,0,,,0,0,0,0.0,0,0,BLOCKED,BLOCKED,INSUFFICIENT,INSUFFICIENT,SSI Primary Source
PLC,NORMAL_ENTERPRISE,,,0,,,0,,,0,0,0,0.0,0,0,BLOCKED,BLOCKED,INSUFFICIENT,INSUFFICIENT,SSI Primary Source
PLX,NORMAL_ENTERPRISE,,,0,,,0,,,0,0,0,0.0,0,0,BLOCKED,BLOCKED,INSUFFICIENT,INSUFFICIENT,SSI Primary Source
PNJ,NORMAL_ENTERPRISE,,,0,,,0,,,0,0,0,0.0,0,0,BLOCKED,BLOCKED,INSUFFICIENT,INSUFFICIENT,SSI Primary Source
POW,NORMAL_ENTERPRISE,,,0,,,0,,,0,0,0,0.0,0,0,BLOCKED,BLOCKED,INSUFFICIENT,INSUFFICIENT,SSI Primary Source
PPC,NORMAL_ENTERPRISE,,,0,,,0,,,0,0,0,0.0,0,0,BLOCKED,BLOCKED,INSUFFICIENT,INSUFFICIENT,SSI Primary Source
PPT,NORMAL_ENTERPRISE,,,0,,,0,,,0,0,0,0.0,0,0,BLOCKED,BLOCKED,INSUFFICIENT,INSUFFICIENT,SSI Primary Source
PSD,NORMAL_ENTERPRISE,,,0,,,0,,,0,0,0,0.0,0,0,BLOCKED,BLOCKED,INSUFFICIENT,INSUFFICIENT,SSI Primary Source
PSI,NORMAL_ENTERPRISE,,,0,,,0,,,0,0,0,0.0,0,0,BLOCKED,BLOCKED,INSUFFICIENT,INSUFFICIENT,SSI Primary Source
PTB,NORMAL_ENTERPRISE,,,0,,,0,,,0,0,0,0.0,0,0,BLOCKED,BLOCKED,INSUFFICIENT,INSUFFICIENT,SSI Primary Source
PVB,NORMAL_ENTERPRISE,,,0,,,0,,,0,0,0,0.0,0,0,BLOCKED,BLOCKED,INSUFFICIENT,INSUFFICIENT,SSI Primary Source
PVC,NORMAL_ENTERPRISE,,,0,,,0,,,0,0,0,0.0,0,0,BLOCKED,BLOCKED,INSUFFICIENT,INSUFFICIENT,SSI Primary Source
PVD,NORMAL_ENTERPRISE,,,0,,,0,,,0,0,0,0.0,0,0,BLOCKED,BLOCKED,INSUFFICIENT,INSUFFICIENT,SSI Primary Source
PVG,NORMAL_ENTERPRISE,,,0,,,0,,,0,0,0,0.0,0,0,BLOCKED,BLOCKED,INSUFFICIENT,INSUFFICIENT,SSI Primary Source
PVI,NORMAL_ENTERPRISE,,,0,,,0,,,0,0,0,0.0,0,0,BLOCKED,BLOCKED,INSUFFICIENT,INSUFFICIENT,SSI Primary Source
PVP,NORMAL_ENTERPRISE,,,0,,,0,,,0,0,0,0.0,0,0,BLOCKED,BLOCKED,INSUFFICIENT,INSUFFICIENT,SSI Primary Source
PVS,NORMAL_ENTERPRISE,,,0,,,0,,,0,0,0,0.0,0,0,BLOCKED,BLOCKED,INSUFFICIENT,INSUFFICIENT,SSI Primary Source
PVT,NORMAL_ENTERPRISE,,,0,,,0,,,0,0,0,0.0,0,0,BLOCKED,BLOCKED,INSUFFICIENT,INSUFFICIENT,SSI Primary Source
PXL,NORMAL_ENTERPRISE,,,0,,,0,,,0,0,0,0.0,0,0,BLOCKED,BLOCKED,INSUFFICIENT,INSUFFICIENT,SSI Primary Source
QCG,NORMAL_ENTERPRISE,,,0,,,0,,,0,0,0,0.0,0,0,BLOCKED,BLOCKED,INSUFFICIENT,INSUFFICIENT,SSI Primary Source
QNS,NORMAL_ENTERPRISE,,,0,,,0,,,0,0,0,0.0,0,0,BLOCKED,BLOCKED,INSUFFICIENT,INSUFFICIENT,SSI Primary Source
QTP,NORMAL_ENTERPRISE,,,0,,,0,,,0,0,0,0.0,0,0,BLOCKED,BLOCKED,INSUFFICIENT,INSUFFICIENT,SSI Primary Source
REE,NORMAL_ENTERPRISE,,,0,,,0,,,0,0,0,0.0,0,0,BLOCKED,BLOCKED,INSUFFICIENT,INSUFFICIENT,SSI Primary Source
RYG,NORMAL_ENTERPRISE,,,0,,,0,,,0,0,0,0.0,0,0,BLOCKED,BLOCKED,INSUFFICIENT,INSUFFICIENT,SSI Primary Source
S99,NORMAL_ENTERPRISE,,,0,,,0,,,0,0,0,0.0,0,0,BLOCKED,BLOCKED,INSUFFICIENT,INSUFFICIENT,SSI Primary Source
SAB,NORMAL_ENTERPRISE,,,0,,,0,,,0,0,0,0.0,0,0,BLOCKED,BLOCKED,INSUFFICIENT,INSUFFICIENT,SSI Primary Source
SAM,NORMAL_ENTERPRISE,,,0,,,0,,,0,0,0,0.0,0,0,BLOCKED,BLOCKED,INSUFFICIENT,INSUFFICIENT,SSI Primary Source
SAS,NORMAL_ENTERPRISE,,,0,,,0,,,0,0,0,0.0,0,0,BLOCKED,BLOCKED,INSUFFICIENT,INSUFFICIENT,SSI Primary Source
SBG,NORMAL_ENTERPRISE,,,0,,,0,,,0,0,0,0.0,0,0,BLOCKED,BLOCKED,INSUFFICIENT,INSUFFICIENT,SSI Primary Source
SBS,SECURITIES,,,0,,,0,,,0,0,0,0.0,0,0,BLOCKED,BLOCKED,INSUFFICIENT,INSUFFICIENT,SSI Primary Source
SBT,NORMAL_ENTERPRISE,,,0,,,0,,,0,0,0,0.0,0,0,BLOCKED,BLOCKED,INSUFFICIENT,INSUFFICIENT,SSI Primary Source
SCG,NORMAL_ENTERPRISE,,,0,,,0,,,0,0,0,0.0,0,0,BLOCKED,BLOCKED,INSUFFICIENT,INSUFFICIENT,SSI Primary Source
SCL,NORMAL_ENTERPRISE,,,0,,,0,,,0,0,0,0.0,0,0,BLOCKED,BLOCKED,INSUFFICIENT,INSUFFICIENT,SSI Primary Source
SCR,NORMAL_ENTERPRISE,,,0,,,0,,,0,0,0,0.0,0,0,BLOCKED,BLOCKED,INSUFFICIENT,INSUFFICIENT,SSI Primary Source
SCS,NORMAL_ENTERPRISE,,,0,,,0,,,0,0,0,0.0,0,0,BLOCKED,BLOCKED,INSUFFICIENT,INSUFFICIENT,SSI Primary Source
SEA,NORMAL_ENTERPRISE,,,0,,,0,,,0,0,0,0.0,0,0,BLOCKED,BLOCKED,INSUFFICIENT,INSUFFICIENT,SSI Primary Source
SGP,NORMAL_ENTERPRISE,,,0,,,0,,,0,0,0,0.0,0,0,BLOCKED,BLOCKED,INSUFFICIENT,INSUFFICIENT,SSI Primary Source
SGR,NORMAL_ENTERPRISE,,,0,,,0,,,0,0,0,0.0,0,0,BLOCKED,BLOCKED,INSUFFICIENT,INSUFFICIENT,SSI Primary Source
SHB,NORMAL_ENTERPRISE,,,0,,,0,,,0,0,0,0.0,0,0,BLOCKED,BLOCKED,INSUFFICIENT,INSUFFICIENT,SSI Primary Source
SHI,NORMAL_ENTERPRISE,,,0,,,0,,,0,0,0,0.0,0,0,BLOCKED,BLOCKED,INSUFFICIENT,INSUFFICIENT,SSI Primary Source
SHN,NORMAL_ENTERPRISE,,,0,,,0,,,0,0,0,0.0,0,0,BLOCKED,BLOCKED,INSUFFICIENT,INSUFFICIENT,SSI Primary Source
SHS,SECURITIES,,,0,,,0,,,0,0,0,0.0,0,0,BLOCKED,BLOCKED,INSUFFICIENT,INSUFFICIENT,SSI Primary Source
SIP,NORMAL_ENTERPRISE,,,0,,,0,,,0,0,0,0.0,0,0,BLOCKED,BLOCKED,INSUFFICIENT,INSUFFICIENT,SSI Primary Source
SJD,NORMAL_ENTERPRISE,,,0,,,0,,,0,0,0,0.0,0,0,BLOCKED,BLOCKED,INSUFFICIENT,INSUFFICIENT,SSI Primary Source
SJE,NORMAL_ENTERPRISE,,,0,,,0,,,0,0,0,0.0,0,0,BLOCKED,BLOCKED,INSUFFICIENT,INSUFFICIENT,SSI Primary Source
SJS,NORMAL_ENTERPRISE,,,0,,,0,,,0,0,0,0.0,0,0,BLOCKED,BLOCKED,INSUFFICIENT,INSUFFICIENT,SSI Primary Source
SKG,NORMAL_ENTERPRISE,,,0,,,0,,,0,0,0,0.0,0,0,BLOCKED,BLOCKED,INSUFFICIENT,INSUFFICIENT,SSI Primary Source
SMC,NORMAL_ENTERPRISE,,,0,,,0,,,0,0,0,0.0,0,0,BLOCKED,BLOCKED,INSUFFICIENT,INSUFFICIENT,SSI Primary Source
SSB,BANK,,,0,,,0,,,0,0,0,0.0,0,0,BLOCKED,BLOCKED,INSUFFICIENT,INSUFFICIENT,SSI Primary Source
SSI,SECURITIES,,,0,,,0,,,0,0,0,0.0,0,0,BLOCKED,BLOCKED,INSUFFICIENT,INSUFFICIENT,SSI Primary Source
STB,BANK,,,0,,,0,,,0,0,0,0.0,0,0,BLOCKED,BLOCKED,INSUFFICIENT,INSUFFICIENT,SSI Primary Source
STH,NORMAL_ENTERPRISE,,,0,,,0,,,0,0,0,0.0,0,0,BLOCKED,BLOCKED,INSUFFICIENT,INSUFFICIENT,SSI Primary Source
SVN,NORMAL_ENTERPRISE,,,0,,,0,,,0,0,0,0.0,0,0,BLOCKED,BLOCKED,INSUFFICIENT,INSUFFICIENT,SSI Primary Source
SZC,NORMAL_ENTERPRISE,,,0,,,0,,,0,0,0,0.0,0,0,BLOCKED,BLOCKED,INSUFFICIENT,INSUFFICIENT,SSI Primary Source
SZL,NORMAL_ENTERPRISE,,,0,,,0,,,0,0,0,0.0,0,0,BLOCKED,BLOCKED,INSUFFICIENT,INSUFFICIENT,SSI Primary Source
TAL,NORMAL_ENTERPRISE,,,0,,,0,,,0,0,0,0.0,0,0,BLOCKED,BLOCKED,INSUFFICIENT,INSUFFICIENT,SSI Primary Source
TCB,BANK,,,0,,,0,,,0,0,0,0.0,0,0,BLOCKED,BLOCKED,INSUFFICIENT,INSUFFICIENT,SSI Primary Source
TCH,NORMAL_ENTERPRISE,,,0,,,0,,,0,0,0,0.0,0,0,BLOCKED,BLOCKED,INSUFFICIENT,INSUFFICIENT,SSI Primary Source
TCI,SECURITIES,,,0,,,0,,,0,0,0,0.0,0,0,BLOCKED,BLOCKED,INSUFFICIENT,INSUFFICIENT,SSI Primary Source
TCM,NORMAL_ENTERPRISE,,,0,,,0,,,0,0,0,0.0,0,0,BLOCKED,BLOCKED,INSUFFICIENT,INSUFFICIENT,SSI Primary Source
TCO,NORMAL_ENTERPRISE,,,0,,,0,,,0,0,0,0.0,0,0,BLOCKED,BLOCKED,INSUFFICIENT,INSUFFICIENT,SSI Primary Source
TCX,NORMAL_ENTERPRISE,,,0,,,0,,,0,0,0,0.0,0,0,BLOCKED,BLOCKED,INSUFFICIENT,INSUFFICIENT,SSI Primary Source
TD6,NORMAL_ENTERPRISE,,,0,,,0,,,0,0,0,0.0,0,0,BLOCKED,BLOCKED,INSUFFICIENT,INSUFFICIENT,SSI Primary Source
TDC,NORMAL_ENTERPRISE,,,0,,,0,,,0,0,0,0.0,0,0,BLOCKED,BLOCKED,INSUFFICIENT,INSUFFICIENT,SSI Primary Source
TDH,NORMAL_ENTERPRISE,,,0,,,0,,,0,0,0,0.0,0,0,BLOCKED,BLOCKED,INSUFFICIENT,INSUFFICIENT,SSI Primary Source
TDM,NORMAL_ENTERPRISE,,,0,,,0,,,0,0,0,0.0,0,0,BLOCKED,BLOCKED,INSUFFICIENT,INSUFFICIENT,SSI Primary Source
TDP,NORMAL_ENTERPRISE,,,0,,,0,,,0,0,0,0.0,0,0,BLOCKED,BLOCKED,INSUFFICIENT,INSUFFICIENT,SSI Primary Source
THD,NORMAL_ENTERPRISE,,,0,,,0,,,0,0,0,0.0,0,0,BLOCKED,BLOCKED,INSUFFICIENT,INSUFFICIENT,SSI Primary Source
THG,NORMAL_ENTERPRISE,,,0,,,0,,,0,0,0,0.0,0,0,BLOCKED,BLOCKED,INSUFFICIENT,INSUFFICIENT,SSI Primary Source
TIG,NORMAL_ENTERPRISE,,,0,,,0,,,0,0,0,0.0,0,0,BLOCKED,BLOCKED,INSUFFICIENT,INSUFFICIENT,SSI Primary Source
TIN,NORMAL_ENTERPRISE,,,0,,,0,,,0,0,0,0.0,0,0,BLOCKED,BLOCKED,INSUFFICIENT,INSUFFICIENT,SSI Primary Source
TIP,NORMAL_ENTERPRISE,,,0,,,0,,,0,0,0,0.0,0,0,BLOCKED,BLOCKED,INSUFFICIENT,INSUFFICIENT,SSI Primary Source
TLD,NORMAL_ENTERPRISE,,,0,,,0,,,0,0,0,0.0,0,0,BLOCKED,BLOCKED,INSUFFICIENT,INSUFFICIENT,SSI Primary Source
TLG,NORMAL_ENTERPRISE,,,0,,,0,,,0,0,0,0.0,0,0,BLOCKED,BLOCKED,INSUFFICIENT,INSUFFICIENT,SSI Primary Source
TLH,NORMAL_ENTERPRISE,,,0,,,0,,,0,0,0,0.0,0,0,BLOCKED,BLOCKED,INSUFFICIENT,INSUFFICIENT,SSI Primary Source
TNG,NORMAL_ENTERPRISE,,,0,,,0,,,0,0,0,0.0,0,0,BLOCKED,BLOCKED,INSUFFICIENT,INSUFFICIENT,SSI Primary Source
TNH,NORMAL_ENTERPRISE,,,0,,,0,,,0,0,0,0.0,0,0,BLOCKED,BLOCKED,INSUFFICIENT,INSUFFICIENT,SSI Primary Source
TNI,NORMAL_ENTERPRISE,,,0,,,0,,,0,0,0,0.0,0,0,BLOCKED,BLOCKED,INSUFFICIENT,INSUFFICIENT,SSI Primary Source
TNT,NORMAL_ENTERPRISE,,,0,,,0,,,0,0,0,0.0,0,0,BLOCKED,BLOCKED,INSUFFICIENT,INSUFFICIENT,SSI Primary Source
TOS,NORMAL_ENTERPRISE,,,0,,,0,,,0,0,0,0.0,0,0,BLOCKED,BLOCKED,INSUFFICIENT,INSUFFICIENT,SSI Primary Source
TPB,BANK,,,0,,,0,,,0,0,0,0.0,0,0,BLOCKED,BLOCKED,INSUFFICIENT,INSUFFICIENT,SSI Primary Source
TRC,NORMAL_ENTERPRISE,,,0,,,0,,,0,0,0,0.0,0,0,BLOCKED,BLOCKED,INSUFFICIENT,INSUFFICIENT,SSI Primary Source
TSA,NORMAL_ENTERPRISE,,,0,,,0,,,0,0,0,0.0,0,0,BLOCKED,BLOCKED,INSUFFICIENT,INSUFFICIENT,SSI Primary Source
TSC,NORMAL_ENTERPRISE,,,0,,,0,,,0,0,0,0.0,0,0,BLOCKED,BLOCKED,INSUFFICIENT,INSUFFICIENT,SSI Primary Source
TTA,NORMAL_ENTERPRISE,,,0,,,0,,,0,0,0,0.0,0,0,BLOCKED,BLOCKED,INSUFFICIENT,INSUFFICIENT,SSI Primary Source
TTF,NORMAL_ENTERPRISE,,,0,,,0,,,0,0,0,0.0,0,0,BLOCKED,BLOCKED,INSUFFICIENT,INSUFFICIENT,SSI Primary Source
TTH,NORMAL_ENTERPRISE,,,0,,,0,,,0,0,0,0.0,0,0,BLOCKED,BLOCKED,INSUFFICIENT,INSUFFICIENT,SSI Primary Source
TV1,NORMAL_ENTERPRISE,,,0,,,0,,,0,0,0,0.0,0,0,BLOCKED,BLOCKED,INSUFFICIENT,INSUFFICIENT,SSI Primary Source
TV2,NORMAL_ENTERPRISE,,,0,,,0,,,0,0,0,0.0,0,0,BLOCKED,BLOCKED,INSUFFICIENT,INSUFFICIENT,SSI Primary Source
TVC,NORMAL_ENTERPRISE,,,0,,,0,,,0,0,0,0.0,0,0,BLOCKED,BLOCKED,INSUFFICIENT,INSUFFICIENT,SSI Primary Source
TVD,NORMAL_ENTERPRISE,,,0,,,0,,,0,0,0,0.0,0,0,BLOCKED,BLOCKED,INSUFFICIENT,INSUFFICIENT,SSI Primary Source
TVN,NORMAL_ENTERPRISE,,,0,,,0,,,0,0,0,0.0,0,0,BLOCKED,BLOCKED,INSUFFICIENT,INSUFFICIENT,SSI Primary Source
TVS,NORMAL_ENTERPRISE,,,0,,,0,,,0,0,0,0.0,0,0,BLOCKED,BLOCKED,INSUFFICIENT,INSUFFICIENT,SSI Primary Source
UNI,NORMAL_ENTERPRISE,,,0,,,0,,,0,0,0,0.0,0,0,BLOCKED,BLOCKED,INSUFFICIENT,INSUFFICIENT,SSI Primary Source
VAB,NORMAL_ENTERPRISE,,,0,,,0,,,0,0,0,0.0,0,0,BLOCKED,BLOCKED,INSUFFICIENT,INSUFFICIENT,SSI Primary Source
VBB,BANK,,,0,,,0,,,0,0,0,0.0,0,0,BLOCKED,BLOCKED,INSUFFICIENT,INSUFFICIENT,SSI Primary Source
VC2,NORMAL_ENTERPRISE,,,0,,,0,,,0,0,0,0.0,0,0,BLOCKED,BLOCKED,INSUFFICIENT,INSUFFICIENT,SSI Primary Source
VC3,NORMAL_ENTERPRISE,,,0,,,0,,,0,0,0,0.0,0,0,BLOCKED,BLOCKED,INSUFFICIENT,INSUFFICIENT,SSI Primary Source
VC7,NORMAL_ENTERPRISE,,,0,,,0,,,0,0,0,0.0,0,0,BLOCKED,BLOCKED,INSUFFICIENT,INSUFFICIENT,SSI Primary Source
VCB,BANK,,,0,,,0,,,0,0,0,0.0,0,0,BLOCKED,BLOCKED,INSUFFICIENT,INSUFFICIENT,SSI Primary Source
VCG,NORMAL_ENTERPRISE,,,0,,,0,,,0,0,0,0.0,0,0,BLOCKED,BLOCKED,INSUFFICIENT,INSUFFICIENT,SSI Primary Source
VCI,SECURITIES,,,0,,,0,,,0,0,0,0.0,0,0,BLOCKED,BLOCKED,INSUFFICIENT,INSUFFICIENT,SSI Primary Source
VCK,NORMAL_ENTERPRISE,,,0,,,0,,,0,0,0,0.0,0,0,BLOCKED,BLOCKED,INSUFFICIENT,INSUFFICIENT,SSI Primary Source
VCS,NORMAL_ENTERPRISE,,,0,,,0,,,0,0,0,0.0,0,0,BLOCKED,BLOCKED,INSUFFICIENT,INSUFFICIENT,SSI Primary Source
VDS,SECURITIES,,,0,,,0,,,0,0,0,0.0,0,0,BLOCKED,BLOCKED,INSUFFICIENT,INSUFFICIENT,SSI Primary Source
VEA,NORMAL_ENTERPRISE,,,0,,,0,,,0,0,0,0.0,0,0,BLOCKED,BLOCKED,INSUFFICIENT,INSUFFICIENT,SSI Primary Source
VFS,NORMAL_ENTERPRISE,,,0,,,0,,,0,0,0,0.0,0,0,BLOCKED,BLOCKED,INSUFFICIENT,INSUFFICIENT,SSI Primary Source
VGC,NORMAL_ENTERPRISE,,,0,,,0,,,0,0,0,0.0,0,0,BLOCKED,BLOCKED,INSUFFICIENT,INSUFFICIENT,SSI Primary Source
VGI,NORMAL_ENTERPRISE,,,0,,,0,,,0,0,0,0.0,0,0,BLOCKED,BLOCKED,INSUFFICIENT,INSUFFICIENT,SSI Primary Source
VGR,NORMAL_ENTERPRISE,,,0,,,0,,,0,0,0,0.0,0,0,BLOCKED,BLOCKED,INSUFFICIENT,INSUFFICIENT,SSI Primary Source
VGS,NORMAL_ENTERPRISE,,,0,,,0,,,0,0,0,0.0,0,0,BLOCKED,BLOCKED,INSUFFICIENT,INSUFFICIENT,SSI Primary Source
VGT,NORMAL_ENTERPRISE,,,0,,,0,,,0,0,0,0.0,0,0,BLOCKED,BLOCKED,INSUFFICIENT,INSUFFICIENT,SSI Primary Source
VHC,NORMAL_ENTERPRISE,,,0,,,0,,,0,0,0,0.0,0,0,BLOCKED,BLOCKED,INSUFFICIENT,INSUFFICIENT,SSI Primary Source
VHE,NORMAL_ENTERPRISE,,,0,,,0,,,0,0,0,0.0,0,0,BLOCKED,BLOCKED,INSUFFICIENT,INSUFFICIENT,SSI Primary Source
VHG,NORMAL_ENTERPRISE,,,0,,,0,,,0,0,0,0.0,0,0,BLOCKED,BLOCKED,INSUFFICIENT,INSUFFICIENT,SSI Primary Source
VHM,NORMAL_ENTERPRISE,,,0,,,0,,,0,0,0,0.0,0,0,BLOCKED,BLOCKED,INSUFFICIENT,INSUFFICIENT,SSI Primary Source
VIB,BANK,,,0,,,0,,,0,0,0,0.0,0,0,BLOCKED,BLOCKED,INSUFFICIENT,INSUFFICIENT,SSI Primary Source
VIC,NORMAL_ENTERPRISE,,,0,,,0,,,0,0,0,0.0,0,0,BLOCKED,BLOCKED,INSUFFICIENT,INSUFFICIENT,SSI Primary Source
VIP,NORMAL_ENTERPRISE,,,0,,,0,,,0,0,0,0.0,0,0,BLOCKED,BLOCKED,INSUFFICIENT,INSUFFICIENT,SSI Primary Source
VIW,NORMAL_ENTERPRISE,,,0,,,0,,,0,0,0,0.0,0,0,BLOCKED,BLOCKED,INSUFFICIENT,INSUFFICIENT,SSI Primary Source
VIX,SECURITIES,,,0,,,0,,,0,0,0,0.0,0,0,BLOCKED,BLOCKED,INSUFFICIENT,INSUFFICIENT,SSI Primary Source
VJC,NORMAL_ENTERPRISE,,,0,,,0,,,0,0,0,0.0,0,0,BLOCKED,BLOCKED,INSUFFICIENT,INSUFFICIENT,SSI Primary Source
VLB,NORMAL_ENTERPRISE,,,0,,,0,,,0,0,0,0.0,0,0,BLOCKED,BLOCKED,INSUFFICIENT,INSUFFICIENT,SSI Primary Source
VLC,NORMAL_ENTERPRISE,,,0,,,0,,,0,0,0,0.0,0,0,BLOCKED,BLOCKED,INSUFFICIENT,INSUFFICIENT,SSI Primary Source
VND,SECURITIES,,,0,,,0,,,0,0,0,0.0,0,0,BLOCKED,BLOCKED,INSUFFICIENT,INSUFFICIENT,SSI Primary Source
VNE,NORMAL_ENTERPRISE,,,0,,,0,,,0,0,0,0.0,0,0,BLOCKED,BLOCKED,INSUFFICIENT,INSUFFICIENT,SSI Primary Source
VNM,NORMAL_ENTERPRISE,,,0,,,0,,,0,0,0,0.0,0,0,BLOCKED,BLOCKED,INSUFFICIENT,INSUFFICIENT,SSI Primary Source
VNP,NORMAL_ENTERPRISE,,,0,,,0,,,0,0,0,0.0,0,0,BLOCKED,BLOCKED,INSUFFICIENT,INSUFFICIENT,SSI Primary Source
VOS,NORMAL_ENTERPRISE,,,0,,,0,,,0,0,0,0.0,0,0,BLOCKED,BLOCKED,INSUFFICIENT,INSUFFICIENT,SSI Primary Source
VPB,BANK,,,0,,,0,,,0,0,0,0.0,0,0,BLOCKED,BLOCKED,INSUFFICIENT,INSUFFICIENT,SSI Primary Source
VPG,NORMAL_ENTERPRISE,,,0,,,0,,,0,0,0,0.0,0,0,BLOCKED,BLOCKED,INSUFFICIENT,INSUFFICIENT,SSI Primary Source
VPI,NORMAL_ENTERPRISE,,,0,,,0,,,0,0,0,0.0,0,0,BLOCKED,BLOCKED,INSUFFICIENT,INSUFFICIENT,SSI Primary Source
VPL,NORMAL_ENTERPRISE,,,0,,,0,,,0,0,0,0.0,0,0,BLOCKED,BLOCKED,INSUFFICIENT,INSUFFICIENT,SSI Primary Source
VPX,NORMAL_ENTERPRISE,,,0,,,0,,,0,0,0,0.0,0,0,BLOCKED,BLOCKED,INSUFFICIENT,INSUFFICIENT,SSI Primary Source
VRC,NORMAL_ENTERPRISE,,,0,,,0,,,0,0,0,0.0,0,0,BLOCKED,BLOCKED,INSUFFICIENT,INSUFFICIENT,SSI Primary Source
VRE,NORMAL_ENTERPRISE,,,0,,,0,,,0,0,0,0.0,0,0,BLOCKED,BLOCKED,INSUFFICIENT,INSUFFICIENT,SSI Primary Source
VSC,NORMAL_ENTERPRISE,,,0,,,0,,,0,0,0,0.0,0,0,BLOCKED,BLOCKED,INSUFFICIENT,INSUFFICIENT,SSI Primary Source
VTD,NORMAL_ENTERPRISE,,,0,,,0,,,0,0,0,0.0,0,0,BLOCKED,BLOCKED,INSUFFICIENT,INSUFFICIENT,SSI Primary Source
VTO,NORMAL_ENTERPRISE,,,0,,,0,,,0,0,0,0.0,0,0,BLOCKED,BLOCKED,INSUFFICIENT,INSUFFICIENT,SSI Primary Source
VTP,NORMAL_ENTERPRISE,,,0,,,0,,,0,0,0,0.0,0,0,BLOCKED,BLOCKED,INSUFFICIENT,INSUFFICIENT,SSI Primary Source
VTV,NORMAL_ENTERPRISE,,,0,,,0,,,0,0,0,0.0,0,0,BLOCKED,BLOCKED,INSUFFICIENT,INSUFFICIENT,SSI Primary Source
VTZ,NORMAL_ENTERPRISE,,,0,,,0,,,0,0,0,0.0,0,0,BLOCKED,BLOCKED,INSUFFICIENT,INSUFFICIENT,SSI Primary Source
VVS,NORMAL_ENTERPRISE,,,0,,,0,,,0,0,0,0.0,0,0,BLOCKED,BLOCKED,INSUFFICIENT,INSUFFICIENT,SSI Primary Source
YEG,NORMAL_ENTERPRISE,,,0,,,0,,,0,0,0,0.0,0,0,BLOCKED,BLOCKED,INSUFFICIENT,INSUFFICIENT,SSI Primary Source
