symbol,archetype,history_years,receivables_status,receivables_source_type,latest_rec_ratio,latest_dso,dso_3y_change,gap_3y,cash_conversion_3y,value_trap_status,compounder_class,decision
AAA,NORMAL_ENTERPRISE,15,UNKNOWN,UNKNOWN,,,,,,HIGH_RISK,WEAK_BUSINESS,
AAH,NORMAL_ENTERPRISE,6,UNKNOWN,UNKNOWN,,,,,,HIGH_RISK,WEAK_BUSINESS,
AAN,NORMAL_ENTERPRISE,3,UNKNOWN,UNKNOWN,,,,,,HIGH_RISK,DETERIORATING_BUSINESS,
AAS,NORMAL_ENTERPRISE,15,UNKNOWN,UNKNOWN,,,,,,HIGH_RISK,DETERIORATING_BUSINESS,
AAV,NORMAL_ENTERPRISE,12,UNKNOWN,UNKNOWN,,,,,,HIGH_RISK,DETERIORATING_BUSINESS,
ABB,BANK,15,NOT_APPLICABLE,UNKNOWN,,,,,,HIGH_RISK,WEAK_BUSINESS,
ABS,NORMAL_ENTERPRISE,10,UNKNOWN,UNKNOWN,,,,,,HIGH_RISK,DETERIORATING_BUSINESS,
ABW,NORMAL_ENTERPRISE,15,UNKNOWN,UNKNOWN,,,,,,HIGH_RISK,DETERIORATING_BUSINESS,
ACB,BANK,15,NOT_APPLICABLE,UNKNOWN,,,,,,CLEAR,AVERAGE_BUSINESS,
ACC,NORMAL_ENTERPRISE,15,UNKNOWN,UNKNOWN,,,,,,HIGH_RISK,DETERIORATING_BUSINESS,
ACV,NORMAL_ENTERPRISE,15,UNKNOWN,UNKNOWN,,,,,,CLEAR,AVERAGE_BUSINESS,
ADS,NORMAL_ENTERPRISE,15,UNKNOWN,UNKNOWN,,,,,,HIGH_RISK,DETERIORATING_BUSINESS,
AFX,NORMAL_ENTERPRISE,15,UNKNOWN,UNKNOWN,,,,,,HIGH_RISK,DETERIORATING_BUSINESS,
AGG,NORMAL_ENTERPRISE,10,UNKNOWN,UNKNOWN,,,,,,HIGH_RISK,DETERIORATING_BUSINESS,
AGR,SECURITIES,15,NOT_APPLICABLE,UNKNOWN,,,,,,HIGH_RISK,WEAK_BUSINESS,
AIG,NORMAL_ENTERPRISE,8,UNKNOWN,UNKNOWN,,,,,,HIGH_RISK,DETERIORATING_BUSINESS,
AMS,NORMAL_ENTERPRISE,15,UNKNOWN,UNKNOWN,,,,,,HIGH_RISK,DETERIORATING_BUSINESS,
AMV,NORMAL_ENTERPRISE,15,UNKNOWN,UNKNOWN,,,,,,HIGH_RISK,DETERIORATING_BUSINESS,
ANT,NORMAL_ENTERPRISE,15,UNKNOWN,UNKNOWN,,,,,,HIGH_RISK,DETERIORATING_BUSINESS,
ANV,NORMAL_ENTERPRISE,15,UNKNOWN,UNKNOWN,,,,,,HIGH_RISK,WEAK_BUSINESS,
APF,NORMAL_ENTERPRISE,15,UNKNOWN,UNKNOWN,,,,,,CLEAR,AVERAGE_BUSINESS,
APG,NORMAL_ENTERPRISE,15,UNKNOWN,UNKNOWN,,,,,,HIGH_RISK,DETERIORATING_BUSINESS,
APH,NORMAL_ENTERPRISE,8,UNKNOWN,UNKNOWN,,,,,,HIGH_RISK,WEAK_BUSINESS,
API,NORMAL_ENTERPRISE,15,UNKNOWN,UNKNOWN,,,,,,HIGH_RISK,DETERIORATING_BUSINESS,
APS,NORMAL_ENTERPRISE,15,UNKNOWN,UNKNOWN,,,,,,HIGH_RISK,DETERIORATING_BUSINESS,
ASM,NORMAL_ENTERPRISE,15,UNKNOWN,UNKNOWN,,,,,,HIGH_RISK,DETERIORATING_BUSINESS,
ASP,NORMAL_ENTERPRISE,15,UNKNOWN,UNKNOWN,,,,,,HIGH_RISK,DETERIORATING_BUSINESS,
AVG,NORMAL_ENTERPRISE,4,UNKNOWN,UNKNOWN,,,,,,HIGH_RISK,DETERIORATING_BUSINESS,
BAF,NORMAL_ENTERPRISE,10,UNKNOWN,UNKNOWN,,,,,,HIGH_RISK,DETERIORATING_BUSINESS,
BCE,NORMAL_ENTERPRISE,15,UNKNOWN,UNKNOWN,,,,,,HIGH_RISK,DETERIORATING_BUSINESS,
BCM,NORMAL_ENTERPRISE,13,UNKNOWN,UNKNOWN,,,,,,HIGH_RISK,DETERIORATING_BUSINESS,
BDT,NORMAL_ENTERPRISE,11,UNKNOWN,UNKNOWN,,,,,,HIGH_RISK,DETERIORATING_BUSINESS,
BFC,NORMAL_ENTERPRISE,15,UNKNOWN,UNKNOWN,,,,,,HIGH_RISK,DETERIORATING_BUSINESS,
BIC,NORMAL_ENTERPRISE,15,UNKNOWN,UNKNOWN,,,,,,HIGH_RISK,DETERIORATING_BUSINESS,
BID,BANK,15,NOT_APPLICABLE,UNKNOWN,,,,,,WATCH,AVERAGE_BUSINESS,
BIG,NORMAL_ENTERPRISE,7,UNKNOWN,UNKNOWN,,,,,,HIGH_RISK,DETERIORATING_BUSINESS,
BKG,NORMAL_ENTERPRISE,9,UNKNOWN,UNKNOWN,,,,,,HIGH_RISK,DETERIORATING_BUSINESS,
BMI,NORMAL_ENTERPRISE,15,UNKNOWN,UNKNOWN,,,,,,HIGH_RISK,DETERIORATING_BUSINESS,
BMP,NORMAL_ENTERPRISE,15,UNKNOWN,UNKNOWN,,,,,,CLEAR,AVERAGE_BUSINESS,
BMS,NORMAL_ENTERPRISE,15,UNKNOWN,UNKNOWN,,,,,,HIGH_RISK,DETERIORATING_BUSINESS,
BNA,NORMAL_ENTERPRISE,10,UNKNOWN,UNKNOWN,,,,,,HIGH_RISK,DETERIORATING_BUSINESS,
BSI,SECURITIES,15,NOT_APPLICABLE,UNKNOWN,,,,,,CLEAR,WEAK_BUSINESS,
BSR,NORMAL_ENTERPRISE,14,UNKNOWN,UNKNOWN,,,,,,HIGH_RISK,AVERAGE_BUSINESS,
BVB,BANK,15,NOT_APPLICABLE,UNKNOWN,,,,,,HIGH_RISK,WEAK_BUSINESS,
BVH,NORMAL_ENTERPRISE,15,UNKNOWN,UNKNOWN,,,,,,HIGH_RISK,DETERIORATING_BUSINESS,
BVS,NORMAL_ENTERPRISE,15,UNKNOWN,UNKNOWN,,,,,,HIGH_RISK,DETERIORATING_BUSINESS,
BWE,NORMAL_ENTERPRISE,15,UNKNOWN,UNKNOWN,,,,,,HIGH_RISK,WEAK_BUSINESS,
C32,NORMAL_ENTERPRISE,15,UNKNOWN,UNKNOWN,,,,,,HIGH_RISK,DETERIORATING_BUSINESS,
C4G,NORMAL_ENTERPRISE,15,UNKNOWN,UNKNOWN,,,,,,HIGH_RISK,DETERIORATING_BUSINESS,
C69,NORMAL_ENTERPRISE,11,UNKNOWN,UNKNOWN,,,,,,HIGH_RISK,DETERIORATING_BUSINESS,
CAP,NORMAL_ENTERPRISE,15,UNKNOWN,UNKNOWN,,,,,,HIGH_RISK,DETERIORATING_BUSINESS,
CDC,NORMAL_ENTERPRISE,15,UNKNOWN,UNKNOWN,,,,,,HIGH_RISK,DETERIORATING_BUSINESS,
CEO,NORMAL_ENTERPRISE,14,UNKNOWN,UNKNOWN,,,,,,HIGH_RISK,DETERIORATING_BUSINESS,
CII,NORMAL_ENTERPRISE,15,UNKNOWN,UNKNOWN,,,,,,HIGH_RISK,DETERIORATING_BUSINESS,
CLI,NORMAL_ENTERPRISE,1,UNKNOWN,UNKNOWN,,,,,,HIGH_RISK,INSUFFICIENT_DATA,
CLX,NORMAL_ENTERPRISE,15,UNKNOWN,UNKNOWN,,,,,,HIGH_RISK,DETERIORATING_BUSINESS,
CMG,NORMAL_ENTERPRISE,15,UNKNOWN,UNKNOWN,,,,,,HIGH_RISK,WEAK_BUSINESS,
CMS,NORMAL_ENTERPRISE,15,UNKNOWN,UNKNOWN,,,,,,HIGH_RISK,DETERIORATING_BUSINESS,
CQN,NORMAL_ENTERPRISE,12,UNKNOWN,UNKNOWN,,,,,,HIGH_RISK,DETERIORATING_BUSINESS,
CRC,NORMAL_ENTERPRISE,12,UNKNOWN,UNKNOWN,,,,,,HIGH_RISK,DETERIORATING_BUSINESS,
CRE,NORMAL_ENTERPRISE,11,UNKNOWN,UNKNOWN,,,,,,HIGH_RISK,DETERIORATING_BUSINESS,
CSM,NORMAL_ENTERPRISE,15,UNKNOWN,UNKNOWN,,,,,,HIGH_RISK,DETERIORATING_BUSINESS,
CSV,NORMAL_ENTERPRISE,14,UNKNOWN,UNKNOWN,,,,,,WATCH,AVERAGE_BUSINESS,
CTD,NORMAL_ENTERPRISE,15,UNKNOWN,UNKNOWN,,,,,,HIGH_RISK,DETERIORATING_BUSINESS,
CTF,NORMAL_ENTERPRISE,12,UNKNOWN,UNKNOWN,,,,,,HIGH_RISK,DETERIORATING_BUSINESS,
CTG,BANK,15,NOT_APPLICABLE,UNKNOWN,,,,,,CLEAR,POTENTIAL_COMPOUNDER,
CTI,NORMAL_ENTERPRISE,15,UNKNOWN,UNKNOWN,,,,,,HIGH_RISK,WEAK_BUSINESS,
CTP,NORMAL_ENTERPRISE,12,UNKNOWN,UNKNOWN,,,,,,HIGH_RISK,DETERIORATING_BUSINESS,
CTR,NORMAL_ENTERPRISE,15,UNKNOWN,UNKNOWN,,,,,,CLEAR,POTENTIAL_COMPOUNDER,
CTS,SECURITIES,15,NOT_APPLICABLE,UNKNOWN,,,,,,CLEAR,WEAK_BUSINESS,
CVN,NORMAL_ENTERPRISE,15,UNKNOWN,UNKNOWN,,,,,,HIGH_RISK,DETERIORATING_BUSINESS,
D2D,NORMAL_ENTERPRISE,15,UNKNOWN,UNKNOWN,,,,,,HIGH_RISK,DETERIORATING_BUSINESS,
DBC,NORMAL_ENTERPRISE,15,UNKNOWN,UNKNOWN,,,,,,CLEAR,AVERAGE_BUSINESS,
DBD,NORMAL_ENTERPRISE,14,UNKNOWN,UNKNOWN,,,,,,CLEAR,POTENTIAL_COMPOUNDER,
DC4,NORMAL_ENTERPRISE,15,UNKNOWN,UNKNOWN,,,,,,HIGH_RISK,DETERIORATING_BUSINESS,
DCL,NORMAL_ENTERPRISE,15,UNKNOWN,UNKNOWN,,,,,,HIGH_RISK,DETERIORATING_BUSINESS,
DCM,NORMAL_ENTERPRISE,14,UNKNOWN,UNKNOWN,,,,,,WATCH,AVERAGE_BUSINESS,
DDB,NORMAL_ENTERPRISE,5,UNKNOWN,UNKNOWN,,,,,,HIGH_RISK,DETERIORATING_BUSINESS,
DDV,NORMAL_ENTERPRISE,15,UNKNOWN,UNKNOWN,,,,,,HIGH_RISK,WEAK_BUSINESS,
DGC,NORMAL_ENTERPRISE,15,UNKNOWN,UNKNOWN,,,,,,WATCH,POTENTIAL_COMPOUNDER,
DGT,NORMAL_ENTERPRISE,15,UNKNOWN,UNKNOWN,,,,,,HIGH_RISK,DETERIORATING_BUSINESS,
DGW,NORMAL_ENTERPRISE,14,UNKNOWN,UNKNOWN,,,,,,HIGH_RISK,DETERIORATING_BUSINESS,
DHA,NORMAL_ENTERPRISE,15,UNKNOWN,UNKNOWN,,,,,,WATCH,AVERAGE_BUSINESS,
DHB,NORMAL_ENTERPRISE,15,UNKNOWN,UNKNOWN,,,,,,HIGH_RISK,DETERIORATING_BUSINESS,
DHC,NORMAL_ENTERPRISE,15,UNKNOWN,UNKNOWN,,,,,,WATCH,POTENTIAL_COMPOUNDER,
DHG,NORMAL_ENTERPRISE,15,UNKNOWN,UNKNOWN,,,,,,CLEAR,AVERAGE_BUSINESS,
DIG,NORMAL_ENTERPRISE,15,UNKNOWN,UNKNOWN,,,,,,HIGH_RISK,DETERIORATING_BUSINESS,
DL1,NORMAL_ENTERPRISE,15,UNKNOWN,UNKNOWN,,,,,,HIGH_RISK,DETERIORATING_BUSINESS,
DLG,NORMAL_ENTERPRISE,15,UNKNOWN,UNKNOWN,,,,,,HIGH_RISK,DETERIORATING_BUSINESS,
DPG,NORMAL_ENTERPRISE,15,UNKNOWN,UNKNOWN,,,,,,WATCH,POTENTIAL_COMPOUNDER,
DPM,NORMAL_ENTERPRISE,15,UNKNOWN,UNKNOWN,,,,,,CLEAR,AVERAGE_BUSINESS,
DPR,NORMAL_ENTERPRISE,15,UNKNOWN,UNKNOWN,,,,,,HIGH_RISK,WEAK_BUSINESS,
DRC,NORMAL_ENTERPRISE,15,UNKNOWN,UNKNOWN,,,,,,CLEAR,AVERAGE_BUSINESS,
DRH,NORMAL_ENTERPRISE,15,UNKNOWN,UNKNOWN,,,,,,HIGH_RISK,DETERIORATING_BUSINESS,
DRI,NORMAL_ENTERPRISE,11,UNKNOWN,UNKNOWN,,,,,,WATCH,AVERAGE_BUSINESS,
DSE,NORMAL_ENTERPRISE,15,UNKNOWN,UNKNOWN,,,,,,HIGH_RISK,DETERIORATING_BUSINESS,
DSH,NORMAL_ENTERPRISE,3,UNKNOWN,UNKNOWN,,,,,,HIGH_RISK,DETERIORATING_BUSINESS,
DST,NORMAL_ENTERPRISE,15,UNKNOWN,UNKNOWN,,,,,,HIGH_RISK,DETERIORATING_BUSINESS,
DTD,NORMAL_ENTERPRISE,11,UNKNOWN,UNKNOWN,,,,,,WATCH,COMPOUNDER,
DVM,NORMAL_ENTERPRISE,8,UNKNOWN,UNKNOWN,,,,,,HIGH_RISK,WEAK_BUSINESS,
DVN,NORMAL_ENTERPRISE,13,UNKNOWN,UNKNOWN,,,,,,HIGH_RISK,DETERIORATING_BUSINESS,
DVP,NORMAL_ENTERPRISE,15,UNKNOWN,UNKNOWN,,,,,,CLEAR,AVERAGE_BUSINESS,
DXG,NORMAL_ENTERPRISE,15,UNKNOWN,UNKNOWN,,,,,,HIGH_RISK,DETERIORATING_BUSINESS,
DXP,NORMAL_ENTERPRISE,15,UNKNOWN,UNKNOWN,,,,,,WATCH,AVERAGE_BUSINESS,
DXS,NORMAL_ENTERPRISE,8,UNKNOWN,UNKNOWN,,,,,,HIGH_RISK,DETERIORATING_BUSINESS,
EIB,BANK,15,NOT_APPLICABLE,UNKNOWN,,,,,,HIGH_RISK,WEAK_BUSINESS,
ELC,NORMAL_ENTERPRISE,15,UNKNOWN,UNKNOWN,,,,,,HIGH_RISK,DETERIORATING_BUSINESS,
EVF,NORMAL_ENTERPRISE,15,UNKNOWN,UNKNOWN,,,,,,HIGH_RISK,DETERIORATING_BUSINESS,
EVG,NORMAL_ENTERPRISE,13,UNKNOWN,UNKNOWN,,,,,,HIGH_RISK,DETERIORATING_BUSINESS,
EVS,NORMAL_ENTERPRISE,15,UNKNOWN,UNKNOWN,,,,,,HIGH_RISK,DETERIORATING_BUSINESS,
F88,NORMAL_ENTERPRISE,6,UNKNOWN,UNKNOWN,,,,,,HIGH_RISK,DETERIORATING_BUSINESS,
FCN,NORMAL_ENTERPRISE,15,UNKNOWN,UNKNOWN,,,,,,HIGH_RISK,DETERIORATING_BUSINESS,
FID,NORMAL_ENTERPRISE,14,UNKNOWN,UNKNOWN,,,,,,HIGH_RISK,DETERIORATING_BUSINESS,
FIR,NORMAL_ENTERPRISE,10,UNKNOWN,UNKNOWN,,,,,,HIGH_RISK,DETERIORATING_BUSINESS,
FIT,NORMAL_ENTERPRISE,15,UNKNOWN,UNKNOWN,,,,,,HIGH_RISK,DETERIORATING_BUSINESS,
FMC,NORMAL_ENTERPRISE,15,UNKNOWN,UNKNOWN,,,,,,CLEAR,POTENTIAL_COMPOUNDER,
FOC,NORMAL_ENTERPRISE,15,UNKNOWN,UNKNOWN,,,,,,WATCH,AVERAGE_BUSINESS,
FOX,NORMAL_ENTERPRISE,15,UNKNOWN,UNKNOWN,,,,,,WATCH,POTENTIAL_COMPOUNDER,
FPT,NORMAL_ENTERPRISE,15,UNKNOWN,UNKNOWN,,,,,,WATCH,POTENTIAL_COMPOUNDER,
FRT,NORMAL_ENTERPRISE,13,UNKNOWN,UNKNOWN,,,,,,HIGH_RISK,DETERIORATING_BUSINESS,
FTS,SECURITIES,15,NOT_APPLICABLE,UNKNOWN,,,,,,CLEAR,AVERAGE_BUSINESS,
G36,NORMAL_ENTERPRISE,15,UNKNOWN,UNKNOWN,,,,,,HIGH_RISK,WEAK_BUSINESS,
GAS,NORMAL_ENTERPRISE,15,UNKNOWN,UNKNOWN,,,,,,WATCH,AVERAGE_BUSINESS,
GCF,NORMAL_ENTERPRISE,5,UNKNOWN,UNKNOWN,,,,,,HIGH_RISK,WEAK_BUSINESS,
GDA,NORMAL_ENTERPRISE,19,UNKNOWN,UNKNOWN,,,,,,HIGH_RISK,DETERIORATING_BUSINESS,
GEE,NORMAL_ENTERPRISE,7,UNKNOWN,UNKNOWN,,,,,,WATCH,POTENTIAL_COMPOUNDER,
GEG,NORMAL_ENTERPRISE,15,UNKNOWN,UNKNOWN,,,,,,HIGH_RISK,WEAK_BUSINESS,
GEL,NORMAL_ENTERPRISE,4,UNKNOWN,UNKNOWN,,,,,,HIGH_RISK,WEAK_BUSINESS,
GEX,NORMAL_ENTERPRISE,15,UNKNOWN,UNKNOWN,,,,,,WATCH,AVERAGE_BUSINESS,
GIL,NORMAL_ENTERPRISE,15,UNKNOWN,UNKNOWN,,,,,,HIGH_RISK,DETERIORATING_BUSINESS,
GMD,NORMAL_ENTERPRISE,15,UNKNOWN,UNKNOWN,,,,,,HIGH_RISK,WEAK_BUSINESS,
GSP,NORMAL_ENTERPRISE,15,UNKNOWN,UNKNOWN,,,,,,WATCH,AVERAGE_BUSINESS,
GVR,NORMAL_ENTERPRISE,14,UNKNOWN,UNKNOWN,,,,,,HIGH_RISK,WEAK_BUSINESS,
HAG,NORMAL_ENTERPRISE,15,UNKNOWN,UNKNOWN,,,,,,HIGH_RISK,DETERIORATING_BUSINESS,
HAH,NORMAL_ENTERPRISE,15,UNKNOWN,UNKNOWN,,,,,,WATCH,POTENTIAL_COMPOUNDER,
HAR,NORMAL_ENTERPRISE,15,UNKNOWN,UNKNOWN,,,,,,HIGH_RISK,DETERIORATING_BUSINESS,
HAX,NORMAL_ENTERPRISE,15,UNKNOWN,UNKNOWN,,,,,,HIGH_RISK,DETERIORATING_BUSINESS,
HBC,NORMAL_ENTERPRISE,15,UNKNOWN,UNKNOWN,,,,,,HIGH_RISK,DETERIORATING_BUSINESS,
HCM,SECURITIES,15,NOT_APPLICABLE,UNKNOWN,,,,,,CLEAR,AVERAGE_BUSINESS,
HDB,BANK,15,NOT_APPLICABLE,UNKNOWN,,,,,,CLEAR,POTENTIAL_COMPOUNDER,
HDC,NORMAL_ENTERPRISE,15,UNKNOWN,UNKNOWN,,,,,,HIGH_RISK,DETERIORATING_BUSINESS,
HDG,NORMAL_ENTERPRISE,15,UNKNOWN,UNKNOWN,,,,,,WATCH,AVERAGE_BUSINESS,
HHP,NORMAL_ENTERPRISE,10,UNKNOWN,UNKNOWN,,,,,,HIGH_RISK,DETERIORATING_BUSINESS,
HHS,NORMAL_ENTERPRISE,15,UNKNOWN,UNKNOWN,,,,,,HIGH_RISK,DETERIORATING_BUSINESS,
HHV,NORMAL_ENTERPRISE,12,UNKNOWN,UNKNOWN,,,,,,HIGH_RISK,DETERIORATING_BUSINESS,
HID,NORMAL_ENTERPRISE,11,UNKNOWN,UNKNOWN,,,,,,HIGH_RISK,DETERIORATING_BUSINESS,
HII,NORMAL_ENTERPRISE,12,UNKNOWN,UNKNOWN,,,,,,HIGH_RISK,DETERIORATING_BUSINESS,
HNG,NORMAL_ENTERPRISE,15,UNKNOWN,UNKNOWN,,,,,,HIGH_RISK,DETERIORATING_BUSINESS,
HNM,NORMAL_ENTERPRISE,15,UNKNOWN,UNKNOWN,,,,,,HIGH_RISK,DETERIORATING_BUSINESS,
HPA,NORMAL_ENTERPRISE,4,UNKNOWN,UNKNOWN,,,,,,CLEAR,POTENTIAL_COMPOUNDER,
HPG,NORMAL_ENTERPRISE,15,UNKNOWN,UNKNOWN,,,,,,WATCH,POTENTIAL_COMPOUNDER,
HPX,NORMAL_ENTERPRISE,11,UNKNOWN,UNKNOWN,,,,,,HIGH_RISK,DETERIORATING_BUSINESS,
HQC,NORMAL_ENTERPRISE,15,UNKNOWN,UNKNOWN,,,,,,HIGH_RISK,DETERIORATING_BUSINESS,
HSG,NORMAL_ENTERPRISE,15,UNKNOWN,UNKNOWN,,,,,,HIGH_RISK,DETERIORATING_BUSINESS,
HSL,NORMAL_ENTERPRISE,11,UNKNOWN,UNKNOWN,,,,,,HIGH_RISK,DETERIORATING_BUSINESS,
HT1,NORMAL_ENTERPRISE,15,UNKNOWN,UNKNOWN,,,,,,HIGH_RISK,WEAK_BUSINESS,
HTI,NORMAL_ENTERPRISE,15,UNKNOWN,UNKNOWN,,,,,,CLEAR,AVERAGE_BUSINESS,
HTN,NORMAL_ENTERPRISE,11,UNKNOWN,UNKNOWN,,,,,,HIGH_RISK,DETERIORATING_BUSINESS,
HUT,NORMAL_ENTERPRISE,15,UNKNOWN,UNKNOWN,,,,,,HIGH_RISK,WEAK_BUSINESS,
HVA,NORMAL_ENTERPRISE,13,UNKNOWN,UNKNOWN,,,,,,HIGH_RISK,DETERIORATING_BUSINESS,
HVH,NORMAL_ENTERPRISE,12,UNKNOWN,UNKNOWN,,,,,,HIGH_RISK,DETERIORATING_BUSINESS,
HVN,NORMAL_ENTERPRISE,15,UNKNOWN,UNKNOWN,,,,,,HIGH_RISK,DETERIORATING_BUSINESS,
IDC,NORMAL_ENTERPRISE,12,UNKNOWN,UNKNOWN,,,,,,WATCH,AVERAGE_BUSINESS,
IDI,NORMAL_ENTERPRISE,15,UNKNOWN,UNKNOWN,,,,,,HIGH_RISK,DETERIORATING_BUSINESS,
IDJ,NORMAL_ENTERPRISE,15,UNKNOWN,UNKNOWN,,,,,,HIGH_RISK,DETERIORATING_BUSINESS,
IJC,NORMAL_ENTERPRISE,15,UNKNOWN,UNKNOWN,,,,,,HIGH_RISK,DETERIORATING_BUSINESS,
ILS,NORMAL_ENTERPRISE,15,UNKNOWN,UNKNOWN,,,,,,HIGH_RISK,WEAK_BUSINESS,
IMP,NORMAL_ENTERPRISE,15,UNKNOWN,UNKNOWN,,,,,,WATCH,AVERAGE_BUSINESS,
IPA,NORMAL_ENTERPRISE,15,UNKNOWN,UNKNOWN,,,,,,HIGH_RISK,DETERIORATING_BUSINESS,
ITC,NORMAL_ENTERPRISE,15,UNKNOWN,UNKNOWN,,,,,,HIGH_RISK,DETERIORATING_BUSINESS,
ITD,NORMAL_ENTERPRISE,17,UNKNOWN,UNKNOWN,,,,,,HIGH_RISK,DETERIORATING_BUSINESS,
IVS,NORMAL_ENTERPRISE,15,UNKNOWN,UNKNOWN,,,,,,HIGH_RISK,DETERIORATING_BUSINESS,
JVC,NORMAL_ENTERPRISE,15,UNKNOWN,UNKNOWN,,,,,,HIGH_RISK,DETERIORATING_BUSINESS,
KBC,NORMAL_ENTERPRISE,15,UNKNOWN,UNKNOWN,,,,,,HIGH_RISK,DETERIORATING_BUSINESS,
KDC,NORMAL_ENTERPRISE,15,UNKNOWN,UNKNOWN,,,,,,HIGH_RISK,DETERIORATING_BUSINESS,
KDH,NORMAL_ENTERPRISE,15,UNKNOWN,UNKNOWN,,,,,,HIGH_RISK,DETERIORATING_BUSINESS,
KHG,NORMAL_ENTERPRISE,8,UNKNOWN,UNKNOWN,,,,,,HIGH_RISK,DETERIORATING_BUSINESS,
KLB,NORMAL_ENTERPRISE,15,UNKNOWN,UNKNOWN,,,,,,HIGH_RISK,DETERIORATING_BUSINESS,
KOS,NORMAL_ENTERPRISE,10,UNKNOWN,UNKNOWN,,,,,,HIGH_RISK,DETERIORATING_BUSINESS,
KSB,NORMAL_ENTERPRISE,15,UNKNOWN,UNKNOWN,,,,,,CLEAR,AVERAGE_BUSINESS,
KSF,NORMAL_ENTERPRISE,8,UNKNOWN,UNKNOWN,,,,,,HIGH_RISK,WEAK_BUSINESS,
KSV,NORMAL_ENTERPRISE,13,UNKNOWN,UNKNOWN,,,,,,HIGH_RISK,WEAK_BUSINESS,
L14,NORMAL_ENTERPRISE,15,UNKNOWN,UNKNOWN,,,,,,HIGH_RISK,DETERIORATING_BUSINESS,
L40,NORMAL_ENTERPRISE,12,UNKNOWN,UNKNOWN,,,,,,HIGH_RISK,WEAK_BUSINESS,
LAS,NORMAL_ENTERPRISE,15,UNKNOWN,UNKNOWN,,,,,,HIGH_RISK,DETERIORATING_BUSINESS,
LCG,NORMAL_ENTERPRISE,15,UNKNOWN,UNKNOWN,,,,,,HIGH_RISK,DETERIORATING_BUSINESS,
LDG,NORMAL_ENTERPRISE,14,UNKNOWN,UNKNOWN,,,,,,HIGH_RISK,DETERIORATING_BUSINESS,
LDP,NORMAL_ENTERPRISE,15,UNKNOWN,UNKNOWN,,,,,,HIGH_RISK,DETERIORATING_BUSINESS,
LGL,NORMAL_ENTERPRISE,15,UNKNOWN,UNKNOWN,,,,,,HIGH_RISK,DETERIORATING_BUSINESS,
LHC,NORMAL_ENTERPRISE,15,UNKNOWN,UNKNOWN,,,,,,WATCH,AVERAGE_BUSINESS,
LHG,NORMAL_ENTERPRISE,15,UNKNOWN,UNKNOWN,,,,,,WATCH,AVERAGE_BUSINESS,
LIG,NORMAL_ENTERPRISE,15,UNKNOWN,UNKNOWN,,,,,,HIGH_RISK,DETERIORATING_BUSINESS,
LIX,NORMAL_ENTERPRISE,15,UNKNOWN,UNKNOWN,,,,,,CLEAR,AVERAGE_BUSINESS,
LPB,BANK,15,NOT_APPLICABLE,UNKNOWN,,,,,,CLEAR,AVERAGE_BUSINESS,
LSG,NORMAL_ENTERPRISE,15,UNKNOWN,UNKNOWN,,,,,,HIGH_RISK,DETERIORATING_BUSINESS,
LSS,NORMAL_ENTERPRISE,15,UNKNOWN,UNKNOWN,,,,,,HIGH_RISK,DETERIORATING_BUSINESS,
MBB,BANK,15,NOT_APPLICABLE,UNKNOWN,,,,,,CLEAR,POTENTIAL_COMPOUNDER,
MBG,NORMAL_ENTERPRISE,13,UNKNOWN,UNKNOWN,,,,,,HIGH_RISK,DETERIORATING_BUSINESS,
MBS,SECURITIES,16,NOT_APPLICABLE,UNKNOWN,,,,,,CLEAR,AVERAGE_BUSINESS,
MCH,NORMAL_ENTERPRISE,15,UNKNOWN,UNKNOWN,,,,,,WATCH,AVERAGE_BUSINESS,
MCM,NORMAL_ENTERPRISE,10,UNKNOWN,UNKNOWN,,,,,,WATCH,AVERAGE_BUSINESS,
MIG,NORMAL_ENTERPRISE,15,UNKNOWN,UNKNOWN,,,,,,HIGH_RISK,DETERIORATING_BUSINESS,
MML,NORMAL_ENTERPRISE,10,UNKNOWN,UNKNOWN,,,,,,HIGH_RISK,WEAK_BUSINESS,
MSB,BANK,15,NOT_APPLICABLE,UNKNOWN,,,,,,HIGH_RISK,WEAK_BUSINESS,
MSH,NORMAL_ENTERPRISE,15,UNKNOWN,UNKNOWN,,,,,,CLEAR,POTENTIAL_COMPOUNDER,
MSN,NORMAL_ENTERPRISE,15,UNKNOWN,UNKNOWN,,,,,,HIGH_RISK,DETERIORATING_BUSINESS,
MSR,NORMAL_ENTERPRISE,13,UNKNOWN,UNKNOWN,,,,,,HIGH_RISK,DETERIORATING_BUSINESS,
MST,NORMAL_ENTERPRISE,12,UNKNOWN,UNKNOWN,,,,,,HIGH_RISK,DETERIORATING_BUSINESS,
MVN,NORMAL_ENTERPRISE,12,UNKNOWN,UNKNOWN,,,,,,HIGH_RISK,WEAK_BUSINESS,
MWG,NORMAL_ENTERPRISE,15,UNKNOWN,UNKNOWN,,,,,,CLEAR,POTENTIAL_COMPOUNDER,
MZG,NORMAL_ENTERPRISE,4,UNKNOWN,UNKNOWN,,,,,,HIGH_RISK,DETERIORATING_BUSINESS,
NAB,BANK,15,NOT_APPLICABLE,UNKNOWN,,,,,,WATCH,AVERAGE_BUSINESS,
NAF,NORMAL_ENTERPRISE,14,UNKNOWN,UNKNOWN,,,,,,HIGH_RISK,DETERIORATING_BUSINESS,
NAG,NORMAL_ENTERPRISE,15,UNKNOWN,UNKNOWN,,,,,,HIGH_RISK,DETERIORATING_BUSINESS,
NBB,NORMAL_ENTERPRISE,15,UNKNOWN,UNKNOWN,,,,,,HIGH_RISK,DETERIORATING_BUSINESS,
NBC,NORMAL_ENTERPRISE,15,UNKNOWN,UNKNOWN,,,,,,HIGH_RISK,DETERIORATING_BUSINESS,
NCT,NORMAL_ENTERPRISE,15,UNKNOWN,UNKNOWN,,,,,,CLEAR,AVERAGE_BUSINESS,
NDN,NORMAL_ENTERPRISE,15,UNKNOWN,UNKNOWN,,,,,,HIGH_RISK,DETERIORATING_BUSINESS,
NHA,NORMAL_ENTERPRISE,15,UNKNOWN,UNKNOWN,,,,,,WATCH,AVERAGE_BUSINESS,
NHH,NORMAL_ENTERPRISE,11,UNKNOWN,UNKNOWN,,,,,,CLEAR,AVERAGE_BUSINESS,
NKG,NORMAL_ENTERPRISE,15,UNKNOWN,UNKNOWN,,,,,,HIGH_RISK,DETERIORATING_BUSINESS,
NLG,NORMAL_ENTERPRISE,15,UNKNOWN,UNKNOWN,,,,,,HIGH_RISK,DETERIORATING_BUSINESS,
NNC,NORMAL_ENTERPRISE,15,UNKNOWN,UNKNOWN,,,,,,CLEAR,AVERAGE_BUSINESS,
NRC,NORMAL_ENTERPRISE,10,UNKNOWN,UNKNOWN,,,,,,HIGH_RISK,DETERIORATING_BUSINESS,
NSH,NORMAL_ENTERPRISE,11,UNKNOWN,UNKNOWN,,,,,,HIGH_RISK,DETERIORATING_BUSINESS,
NT2,NORMAL_ENTERPRISE,15,UNKNOWN,UNKNOWN,,,,,,WATCH,POTENTIAL_COMPOUNDER,
NTL,NORMAL_ENTERPRISE,15,UNKNOWN,UNKNOWN,,,,,,HIGH_RISK,DETERIORATING_BUSINESS,
NTP,NORMAL_ENTERPRISE,15,UNKNOWN,UNKNOWN,,,,,,CLEAR,AVERAGE_BUSINESS,
NVB,NORMAL_ENTERPRISE,15,UNKNOWN,UNKNOWN,,,,,,HIGH_RISK,DETERIORATING_BUSINESS,
NVL,NORMAL_ENTERPRISE,13,UNKNOWN,UNKNOWN,,,,,,HIGH_RISK,DETERIORATING_BUSINESS,
OCB,BANK,16,NOT_APPLICABLE,UNKNOWN,,,,,,CLEAR,AVERAGE_BUSINESS,
OCH,NORMAL_ENTERPRISE,15,UNKNOWN,UNKNOWN,,,,,,HIGH_RISK,WEAK_BUSINESS,
ODE,NORMAL_ENTERPRISE,7,UNKNOWN,UNKNOWN,,,,,,HIGH_RISK,WEAK_BUSINESS,
OGC,NORMAL_ENTERPRISE,15,UNKNOWN,UNKNOWN,,,,,,HIGH_RISK,WEAK_BUSINESS,
OIL,NORMAL_ENTERPRISE,12,UNKNOWN,UNKNOWN,,,,,,HIGH_RISK,DETERIORATING_BUSINESS,
ORS,SECURITIES,15,NOT_APPLICABLE,UNKNOWN,,,,,,HIGH_RISK,WEAK_BUSINESS,
PAC,NORMAL_ENTERPRISE,15,UNKNOWN,UNKNOWN,,,,,,WATCH,AVERAGE_BUSINESS,
PAN,NORMAL_ENTERPRISE,15,UNKNOWN,UNKNOWN,,,,,,HIGH_RISK,DETERIORATING_BUSINESS,
PAT,NORMAL_ENTERPRISE,8,UNKNOWN,UNKNOWN,,,,,,CLEAR,POTENTIAL_COMPOUNDER,
PC1,NORMAL_ENTERPRISE,15,UNKNOWN,UNKNOWN,,,,,,WATCH,AVERAGE_BUSINESS,
PCH,NORMAL_ENTERPRISE,6,UNKNOWN,UNKNOWN,,,,,,HIGH_RISK,WEAK_BUSINESS,
PDR,NORMAL_ENTERPRISE,15,UNKNOWN,UNKNOWN,,,,,,HIGH_RISK,DETERIORATING_BUSINESS,
PET,NORMAL_ENTERPRISE,15,UNKNOWN,UNKNOWN,,,,,,HIGH_RISK,DETERIORATING_BUSINESS,
PGC,NORMAL_ENTERPRISE,15,UNKNOWN,UNKNOWN,,,,,,CLEAR,AVERAGE_BUSINESS,
PHP,NORMAL_ENTERPRISE,15,UNKNOWN,UNKNOWN,,,,,,WATCH,AVERAGE_BUSINESS,
PHR,NORMAL_ENTERPRISE,15,UNKNOWN,UNKNOWN,,,,,,CLEAR,AVERAGE_BUSINESS,
PIV,NORMAL_ENTERPRISE,15,UNKNOWN,UNKNOWN,,,,,,HIGH_RISK,DETERIORATING_BUSINESS,
PLC,NORMAL_ENTERPRISE,15,UNKNOWN,UNKNOWN,,,,,,HIGH_RISK,DETERIORATING_BUSINESS,
PLX,NORMAL_ENTERPRISE,15,UNKNOWN,UNKNOWN,,,,,,HIGH_RISK,WEAK_BUSINESS,
PNJ,NORMAL_ENTERPRISE,15,UNKNOWN,UNKNOWN,,,,,,HIGH_RISK,DETERIORATING_BUSINESS,
POW,NORMAL_ENTERPRISE,12,UNKNOWN,UNKNOWN,,,,,,HIGH_RISK,WEAK_BUSINESS,
PPC,NORMAL_ENTERPRISE,15,UNKNOWN,UNKNOWN,,,,,,HIGH_RISK,DETERIORATING_BUSINESS,
PPT,NORMAL_ENTERPRISE,7,UNKNOWN,UNKNOWN,,,,,,HIGH_RISK,DETERIORATING_BUSINESS,
PSD,NORMAL_ENTERPRISE,15,UNKNOWN,UNKNOWN,,,,,,HIGH_RISK,DETERIORATING_BUSINESS,
PSI,NORMAL_ENTERPRISE,15,UNKNOWN,UNKNOWN,,,,,,HIGH_RISK,DETERIORATING_BUSINESS,
PTB,NORMAL_ENTERPRISE,15,UNKNOWN,UNKNOWN,,,,,,CLEAR,POTENTIAL_COMPOUNDER,
PVB,NORMAL_ENTERPRISE,16,UNKNOWN,UNKNOWN,,,,,,HIGH_RISK,DETERIORATING_BUSINESS,
PVC,NORMAL_ENTERPRISE,15,UNKNOWN,UNKNOWN,,,,,,HIGH_RISK,DETERIORATING_BUSINESS,
PVD,NORMAL_ENTERPRISE,15,UNKNOWN,UNKNOWN,,,,,,HIGH_RISK,DETERIORATING_BUSINESS,
PVG,NORMAL_ENTERPRISE,15,UNKNOWN,UNKNOWN,,,,,,HIGH_RISK,DETERIORATING_BUSINESS,
PVI,NORMAL_ENTERPRISE,15,UNKNOWN,UNKNOWN,,,,,,HIGH_RISK,DETERIORATING_BUSINESS,
PVP,NORMAL_ENTERPRISE,15,UNKNOWN,UNKNOWN,,,,,,CLEAR,AVERAGE_BUSINESS,
PVS,NORMAL_ENTERPRISE,15,UNKNOWN,UNKNOWN,,,,,,HIGH_RISK,DETERIORATING_BUSINESS,
PVT,NORMAL_ENTERPRISE,15,UNKNOWN,UNKNOWN,,,,,,HIGH_RISK,WEAK_BUSINESS,
PXL,NORMAL_ENTERPRISE,15,UNKNOWN,UNKNOWN,,,,,,HIGH_RISK,DETERIORATING_BUSINESS,
QCG,NORMAL_ENTERPRISE,15,UNKNOWN,UNKNOWN,,,,,,HIGH_RISK,DETERIORATING_BUSINESS,
QNS,NORMAL_ENTERPRISE,15,UNKNOWN,UNKNOWN,,,,,,CLEAR,AVERAGE_BUSINESS,
QTP,NORMAL_ENTERPRISE,14,UNKNOWN,UNKNOWN,,,,,,HIGH_RISK,AVERAGE_BUSINESS,
REE,NORMAL_ENTERPRISE,15,UNKNOWN,UNKNOWN,,,,,,WATCH,AVERAGE_BUSINESS,
RYG,NORMAL_ENTERPRISE,5,UNKNOWN,UNKNOWN,,,,,,HIGH_RISK,DETERIORATING_BUSINESS,
S99,NORMAL_ENTERPRISE,15,UNKNOWN,UNKNOWN,,,,,,HIGH_RISK,WEAK_BUSINESS,
SAB,NORMAL_ENTERPRISE,15,UNKNOWN,UNKNOWN,,,,,,WATCH,AVERAGE_BUSINESS,
SAM,NORMAL_ENTERPRISE,15,UNKNOWN,UNKNOWN,,,,,,HIGH_RISK,DETERIORATING_BUSINESS,
SAS,NORMAL_ENTERPRISE,11,UNKNOWN,UNKNOWN,,,,,,WATCH,POTENTIAL_COMPOUNDER,
SBG,NORMAL_ENTERPRISE,6,UNKNOWN,UNKNOWN,,,,,,HIGH_RISK,DETERIORATING_BUSINESS,
SBS,NORMAL_ENTERPRISE,15,UNKNOWN,UNKNOWN,,,,,,HIGH_RISK,DETERIORATING_BUSINESS,
SBT,NORMAL_ENTERPRISE,15,UNKNOWN,UNKNOWN,,,,,,HIGH_RISK,DETERIORATING_BUSINESS,
SCG,NORMAL_ENTERPRISE,7,UNKNOWN,UNKNOWN,,,,,,HIGH_RISK,DETERIORATING_BUSINESS,
SCL,NORMAL_ENTERPRISE,15,UNKNOWN,UNKNOWN,,,,,,HIGH_RISK,WEAK_BUSINESS,
SCR,NORMAL_ENTERPRISE,15,UNKNOWN,UNKNOWN,,,,,,HIGH_RISK,DETERIORATING_BUSINESS,
SCS,NORMAL_ENTERPRISE,15,UNKNOWN,UNKNOWN,,,,,,CLEAR,AVERAGE_BUSINESS,
SEA,NORMAL_ENTERPRISE,15,UNKNOWN,UNKNOWN,,,,,,HIGH_RISK,DETERIORATING_BUSINESS,
SGP,NORMAL_ENTERPRISE,15,UNKNOWN,UNKNOWN,,,,,,HIGH_RISK,WEAK_BUSINESS,
SGR,NORMAL_ENTERPRISE,15,UNKNOWN,UNKNOWN,,,,,,HIGH_RISK,DETERIORATING_BUSINESS,
SHB,NORMAL_ENTERPRISE,15,UNKNOWN,UNKNOWN,,,,,,HIGH_RISK,DETERIORATING_BUSINESS,
SHI,NORMAL_ENTERPRISE,15,UNKNOWN,UNKNOWN,,,,,,HIGH_RISK,DETERIORATING_BUSINESS,
SHN,NORMAL_ENTERPRISE,15,UNKNOWN,UNKNOWN,,,,,,HIGH_RISK,DETERIORATING_BUSINESS,
SHS,SECURITIES,15,NOT_APPLICABLE,UNKNOWN,,,,,,CLEAR,WEAK_BUSINESS,
SIP,NORMAL_ENTERPRISE,11,UNKNOWN,UNKNOWN,,,,,,WATCH,POTENTIAL_COMPOUNDER,
SJD,NORMAL_ENTERPRISE,15,UNKNOWN,UNKNOWN,,,,,,CLEAR,AVERAGE_BUSINESS,
SJE,NORMAL_ENTERPRISE,15,UNKNOWN,UNKNOWN,,,,,,HIGH_RISK,DETERIORATING_BUSINESS,
SJS,NORMAL_ENTERPRISE,15,UNKNOWN,UNKNOWN,,,,,,HIGH_RISK,DETERIORATING_BUSINESS,
SKG,NORMAL_ENTERPRISE,15,UNKNOWN,UNKNOWN,,,,,,CLEAR,AVERAGE_BUSINESS,
SMC,NORMAL_ENTERPRISE,15,UNKNOWN,UNKNOWN,,,,,,HIGH_RISK,DETERIORATING_BUSINESS,
SSB,BANK,15,NOT_APPLICABLE,UNKNOWN,,,,,,HIGH_RISK,WEAK_BUSINESS,
SSI,SECURITIES,15,NOT_APPLICABLE,UNKNOWN,,,,,,CLEAR,AVERAGE_BUSINESS,
STB,BANK,15,NOT_APPLICABLE,UNKNOWN,,,,,,CLEAR,WEAK_BUSINESS,
STH,NORMAL_ENTERPRISE,9,UNKNOWN,UNKNOWN,,,,,,HIGH_RISK,DETERIORATING_BUSINESS,
SVN,NORMAL_ENTERPRISE,15,UNKNOWN,UNKNOWN,,,,,,HIGH_RISK,DETERIORATING_BUSINESS,
SZC,NORMAL_ENTERPRISE,15,UNKNOWN,UNKNOWN,,,,,,HIGH_RISK,WEAK_BUSINESS,
SZL,NORMAL_ENTERPRISE,15,UNKNOWN,UNKNOWN,,,,,,CLEAR,AVERAGE_BUSINESS,
TAL,NORMAL_ENTERPRISE,4,UNKNOWN,UNKNOWN,,,,,,HIGH_RISK,DETERIORATING_BUSINESS,
TCB,BANK,15,NOT_APPLICABLE,UNKNOWN,,,,,,CLEAR,POTENTIAL_COMPOUNDER,
TCH,NORMAL_ENTERPRISE,13,UNKNOWN,UNKNOWN,,,,,,HIGH_RISK,DETERIORATING_BUSINESS,
TCI,NORMAL_ENTERPRISE,15,UNKNOWN,UNKNOWN,,,,,,HIGH_RISK,DETERIORATING_BUSINESS,
TCM,NORMAL_ENTERPRISE,15,UNKNOWN,UNKNOWN,,,,,,CLEAR,AVERAGE_BUSINESS,
TCO,NORMAL_ENTERPRISE,15,UNKNOWN,UNKNOWN,,,,,,HIGH_RISK,DETERIORATING_BUSINESS,
TCX,NORMAL_ENTERPRISE,15,UNKNOWN,UNKNOWN,,,,,,HIGH_RISK,DETERIORATING_BUSINESS,
TD6,NORMAL_ENTERPRISE,2,UNKNOWN,UNKNOWN,,,,,,HIGH_RISK,INSUFFICIENT_DATA,
TDC,NORMAL_ENTERPRISE,15,UNKNOWN,UNKNOWN,,,,,,HIGH_RISK,DETERIORATING_BUSINESS,
TDH,NORMAL_ENTERPRISE,15,UNKNOWN,UNKNOWN,,,,,,HIGH_RISK,DETERIORATING_BUSINESS,
TDM,NORMAL_ENTERPRISE,12,UNKNOWN,UNKNOWN,,,,,,WATCH,AVERAGE_BUSINESS,
TDP,NORMAL_ENTERPRISE,10,UNKNOWN,UNKNOWN,,,,,,HIGH_RISK,DETERIORATING_BUSINESS,
THD,NORMAL_ENTERPRISE,8,UNKNOWN,UNKNOWN,,,,,,HIGH_RISK,DETERIORATING_BUSINESS,
THG,NORMAL_ENTERPRISE,15,UNKNOWN,UNKNOWN,,,,,,CLEAR,POTENTIAL_COMPOUNDER,
TIG,NORMAL_ENTERPRISE,15,UNKNOWN,UNKNOWN,,,,,,HIGH_RISK,DETERIORATING_BUSINESS,
TIN,NORMAL_ENTERPRISE,15,UNKNOWN,UNKNOWN,,,,,,HIGH_RISK,DETERIORATING_BUSINESS,
TIP,NORMAL_ENTERPRISE,15,UNKNOWN,UNKNOWN,,,,,,HIGH_RISK,DETERIORATING_BUSINESS,
TLD,NORMAL_ENTERPRISE,12,UNKNOWN,UNKNOWN,,,,,,HIGH_RISK,DETERIORATING_BUSINESS,
TLG,NORMAL_ENTERPRISE,15,UNKNOWN,UNKNOWN,,,,,,WATCH,POTENTIAL_COMPOUNDER,
TLH,NORMAL_ENTERPRISE,15,UNKNOWN,UNKNOWN,,,,,,HIGH_RISK,DETERIORATING_BUSINESS,
TNG,NORMAL_ENTERPRISE,15,UNKNOWN,UNKNOWN,,,,,,HIGH_RISK,DETERIORATING_BUSINESS,
TNH,NORMAL_ENTERPRISE,11,UNKNOWN,UNKNOWN,,,,,,HIGH_RISK,DETERIORATING_BUSINESS,
TNI,NORMAL_ENTERPRISE,12,UNKNOWN,UNKNOWN,,,,,,HIGH_RISK,DETERIORATING_BUSINESS,
TNT,NORMAL_ENTERPRISE,15,UNKNOWN,UNKNOWN,,,,,,HIGH_RISK,DETERIORATING_BUSINESS,
TOS,NORMAL_ENTERPRISE,7,UNKNOWN,UNKNOWN,,,,,,WATCH,COMPOUNDER,
TPB,BANK,15,NOT_APPLICABLE,UNKNOWN,,,,,,CLEAR,AVERAGE_BUSINESS,
TRC,NORMAL_ENTERPRISE,15,UNKNOWN,UNKNOWN,,,,,,HIGH_RISK,WEAK_BUSINESS,
TSA,NORMAL_ENTERPRISE,4,UNKNOWN,UNKNOWN,,,,,,HIGH_RISK,WEAK_BUSINESS,
TSC,NORMAL_ENTERPRISE,15,UNKNOWN,UNKNOWN,,,,,,HIGH_RISK,DETERIORATING_BUSINESS,
TTA,NORMAL_ENTERPRISE,9,UNKNOWN,UNKNOWN,,,,,,HIGH_RISK,WEAK_BUSINESS,
TTF,NORMAL_ENTERPRISE,15,UNKNOWN,UNKNOWN,,,,,,HIGH_RISK,DETERIORATING_BUSINESS,
TTH,NORMAL_ENTERPRISE,12,UNKNOWN,UNKNOWN,,,,,,HIGH_RISK,DETERIORATING_BUSINESS,
TV1,NORMAL_ENTERPRISE,15,UNKNOWN,UNKNOWN,,,,,,WATCH,AVERAGE_BUSINESS,
TV2,NORMAL_ENTERPRISE,15,UNKNOWN,UNKNOWN,,,,,,HIGH_RISK,DETERIORATING_BUSINESS,
TVC,NORMAL_ENTERPRISE,13,UNKNOWN,UNKNOWN,,,,,,HIGH_RISK,DETERIORATING_BUSINESS,
TVD,NORMAL_ENTERPRISE,15,UNKNOWN,UNKNOWN,,,,,,HIGH_RISK,DETERIORATING_BUSINESS,
TVN,NORMAL_ENTERPRISE,15,UNKNOWN,UNKNOWN,,,,,,HIGH_RISK,DETERIORATING_BUSINESS,
TVS,NORMAL_ENTERPRISE,15,UNKNOWN,UNKNOWN,,,,,,HIGH_RISK,DETERIORATING_BUSINESS,
UNI,NORMAL_ENTERPRISE,15,UNKNOWN,UNKNOWN,,,,,,HIGH_RISK,DETERIORATING_BUSINESS,
VAB,NORMAL_ENTERPRISE,15,UNKNOWN,UNKNOWN,,,,,,HIGH_RISK,DETERIORATING_BUSINESS,
VBB,NORMAL_ENTERPRISE,15,UNKNOWN,UNKNOWN,,,,,,HIGH_RISK,DETERIORATING_BUSINESS,
VC2,NORMAL_ENTERPRISE,15,UNKNOWN,UNKNOWN,,,,,,HIGH_RISK,DETERIORATING_BUSINESS,
VC3,NORMAL_ENTERPRISE,15,UNKNOWN,UNKNOWN,,,,,,HIGH_RISK,DETERIORATING_BUSINESS,
VC7,NORMAL_ENTERPRISE,15,UNKNOWN,UNKNOWN,,,,,,HIGH_RISK,DETERIORATING_BUSINESS,
VCB,BANK,15,NOT_APPLICABLE,UNKNOWN,,,,,,CLEAR,POTENTIAL_COMPOUNDER,
VCG,NORMAL_ENTERPRISE,15,UNKNOWN,UNKNOWN,,,,,,HIGH_RISK,DETERIORATING_BUSINESS,
VCI,SECURITIES,15,NOT_APPLICABLE,UNKNOWN,,,,,,CLEAR,POTENTIAL_COMPOUNDER,
VCK,NORMAL_ENTERPRISE,15,UNKNOWN,UNKNOWN,,,,,,HIGH_RISK,DETERIORATING_BUSINESS,
VCS,NORMAL_ENTERPRISE,15,UNKNOWN,UNKNOWN,,,,,,CLEAR,POTENTIAL_COMPOUNDER,
VDS,SECURITIES,15,NOT_APPLICABLE,UNKNOWN,,,,,,HIGH_RISK,WEAK_BUSINESS,
VEA,NORMAL_ENTERPRISE,15,UNKNOWN,UNKNOWN,,,,,,HIGH_RISK,DETERIORATING_BUSINESS,
VFS,NORMAL_ENTERPRISE,15,UNKNOWN,UNKNOWN,,,,,,HIGH_RISK,DETERIORATING_BUSINESS,
VGC,NORMAL_ENTERPRISE,15,UNKNOWN,UNKNOWN,,,,,,WATCH,AVERAGE_BUSINESS,
VGI,NORMAL_ENTERPRISE,15,UNKNOWN,UNKNOWN,,,,,,HIGH_RISK,WEAK_BUSINESS,
VGR,NORMAL_ENTERPRISE,11,UNKNOWN,UNKNOWN,,,,,,CLEAR,AVERAGE_BUSINESS,
VGS,NORMAL_ENTERPRISE,15,UNKNOWN,UNKNOWN,,,,,,HIGH_RISK,DETERIORATING_BUSINESS,
VGT,NORMAL_ENTERPRISE,15,UNKNOWN,UNKNOWN,,,,,,HIGH_RISK,WEAK_BUSINESS,
VHC,NORMAL_ENTERPRISE,15,UNKNOWN,UNKNOWN,,,,,,WATCH,AVERAGE_BUSINESS,
VHE,NORMAL_ENTERPRISE,10,UNKNOWN,UNKNOWN,,,,,,HIGH_RISK,DETERIORATING_BUSINESS,
VHG,NORMAL_ENTERPRISE,15,UNKNOWN,UNKNOWN,,,,,,HIGH_RISK,WEAK_BUSINESS,
VHM,NORMAL_ENTERPRISE,15,UNKNOWN,UNKNOWN,,,,,,WATCH,POTENTIAL_COMPOUNDER,
VIB,BANK,15,NOT_APPLICABLE,UNKNOWN,,,,,,CLEAR,POTENTIAL_COMPOUNDER,
VIC,NORMAL_ENTERPRISE,15,UNKNOWN,UNKNOWN,,,,,,HIGH_RISK,DETERIORATING_BUSINESS,
VIP,NORMAL_ENTERPRISE,15,UNKNOWN,UNKNOWN,,,,,,HIGH_RISK,WEAK_BUSINESS,
VIW,NORMAL_ENTERPRISE,15,UNKNOWN,UNKNOWN,,,,,,HIGH_RISK,DETERIORATING_BUSINESS,
VIX,SECURITIES,15,NOT_APPLICABLE,UNKNOWN,,,,,,CLEAR,WEAK_BUSINESS,
VJC,NORMAL_ENTERPRISE,13,UNKNOWN,UNKNOWN,,,,,,HIGH_RISK,DETERIORATING_BUSINESS,
VLB,NORMAL_ENTERPRISE,15,UNKNOWN,UNKNOWN,,,,,,CLEAR,POTENTIAL_COMPOUNDER,
VLC,NORMAL_ENTERPRISE,13,UNKNOWN,UNKNOWN,,,,,,HIGH_RISK,DETERIORATING_BUSINESS,
VND,SECURITIES,15,NOT_APPLICABLE,UNKNOWN,,,,,,CLEAR,WEAK_BUSINESS,
VNE,NORMAL_ENTERPRISE,15,UNKNOWN,UNKNOWN,,,,,,HIGH_RISK,DETERIORATING_BUSINESS,
VNM,NORMAL_ENTERPRISE,15,UNKNOWN,UNKNOWN,,,,,,CLEAR,AVERAGE_BUSINESS,
VNP,NORMAL_ENTERPRISE,15,UNKNOWN,UNKNOWN,,,,,,HIGH_RISK,DETERIORATING_BUSINESS,
VOS,NORMAL_ENTERPRISE,15,UNKNOWN,UNKNOWN,,,,,,HIGH_RISK,WEAK_BUSINESS,
VPB,BANK,15,NOT_APPLICABLE,UNKNOWN,,,,,,CLEAR,AVERAGE_BUSINESS,
VPG,NORMAL_ENTERPRISE,11,UNKNOWN,UNKNOWN,,,,,,HIGH_RISK,DETERIORATING_BUSINESS,
VPI,NORMAL_ENTERPRISE,11,UNKNOWN,UNKNOWN,,,,,,HIGH_RISK,DETERIORATING_BUSINESS,
VPL,NORMAL_ENTERPRISE,14,UNKNOWN,UNKNOWN,,,,,,HIGH_RISK,DETERIORATING_BUSINESS,
VPX,NORMAL_ENTERPRISE,15,UNKNOWN,UNKNOWN,,,,,,HIGH_RISK,DETERIORATING_BUSINESS,
VRC,NORMAL_ENTERPRISE,15,UNKNOWN,UNKNOWN,,,,,,HIGH_RISK,DETERIORATING_BUSINESS,
VRE,NORMAL_ENTERPRISE,14,UNKNOWN,UNKNOWN,,,,,,HIGH_RISK,WEAK_BUSINESS,
VSC,NORMAL_ENTERPRISE,15,UNKNOWN,UNKNOWN,,,,,,CLEAR,AVERAGE_BUSINESS,
VTD,NORMAL_ENTERPRISE,9,UNKNOWN,UNKNOWN,,,,,,HIGH_RISK,DETERIORATING_BUSINESS,
VTO,NORMAL_ENTERPRISE,15,UNKNOWN,UNKNOWN,,,,,,HIGH_RISK,WEAK_BUSINESS,
VTP,NORMAL_ENTERPRISE,15,UNKNOWN,UNKNOWN,,,,,,HIGH_RISK,DETERIORATING_BUSINESS,
VTV,NORMAL_ENTERPRISE,15,UNKNOWN,UNKNOWN,,,,,,HIGH_RISK,DETERIORATING_BUSINESS,
VTZ,NORMAL_ENTERPRISE,8,UNKNOWN,UNKNOWN,,,,,,HIGH_RISK,DETERIORATING_BUSINESS,
VVS,NORMAL_ENTERPRISE,6,UNKNOWN,UNKNOWN,,,,,,HIGH_RISK,DETERIORATING_BUSINESS,
YEG,NORMAL_ENTERPRISE,14,UNKNOWN,UNKNOWN,,,,,,HIGH_RISK,DETERIORATING_BUSINESS,
